READ_DTTM,Hour,DayOfWeek,Month,Is_Weekend,Substation_Demand_KWH,AI_Forecasted_Demand_KWH,Dispatch_Error_KWH
2025-08-01 19:15:00,19,4,8,0,0.473,0.4731909313057461,0.0001909313057461004
2025-08-01 19:30:00,19,4,8,0,0.565,0.4731909313057461,0.09180906869425387
2025-08-01 19:45:00,19,4,8,0,0.48,0.4731909313057461,0.006809068694253906
2025-08-01 20:00:00,20,4,8,0,0.472,0.4818698974486502,0.009869897448650244
2025-08-01 20:15:00,20,4,8,0,0.461,0.4818698974486502,0.0208698974486502
2025-08-01 20:30:00,20,4,8,0,0.43300000000000005,0.4818698974486502,0.04886989744865017
2025-08-01 20:45:00,20,4,8,0,0.477,0.4818698974486502,0.00486989744865024
2025-08-01 21:00:00,21,4,8,0,0.519,0.5393933873791069,0.020393387379106898
2025-08-01 21:15:00,21,4,8,0,0.5740000000000001,0.5393933873791069,0.03460661262089315
2025-08-01 21:30:00,21,4,8,0,0.629,0.5393933873791069,0.08960661262089309
2025-08-01 21:45:00,21,4,8,0,0.647,0.5393933873791069,0.1076066126208931
2025-08-01 22:00:00,22,4,8,0,0.629,0.6909434013285863,0.061943401328586334
2025-08-01 22:15:00,22,4,8,0,0.657,0.6909434013285863,0.03394340132858631
2025-08-01 22:30:00,22,4,8,0,0.614,0.6909434013285863,0.07694340132858635
2025-08-01 22:45:00,22,4,8,0,0.605,0.6909434013285863,0.08594340132858636
2025-08-01 23:00:00,23,4,8,0,0.593,0.7157982686297161,0.1227982686297161
2025-08-01 23:15:00,23,4,8,0,0.589,0.7157982686297161,0.1267982686297161
2025-08-01 23:30:00,23,4,8,0,0.56,0.7157982686297161,0.15579826862971602
2025-08-01 23:45:00,23,4,8,0,0.552,0.7157982686297161,0.16379826862971603
2025-08-02 00:00:00,0,5,8,1,0.548,0.5325624085630742,0.015437591436925802
2025-08-02 00:15:00,0,5,8,1,0.5529999999999999,0.5325624085630742,0.020437591436925695
2025-08-02 00:30:00,0,5,8,1,0.544,0.5325624085630742,0.011437591436925798
2025-08-02 00:45:00,0,5,8,1,0.542,0.5325624085630742,0.009437591436925796
2025-08-02 01:00:00,1,5,8,1,0.53,0.5149542066082066,0.01504579339179346
2025-08-02 01:15:00,1,5,8,1,0.522,0.5149542066082066,0.007045793391793453
2025-08-02 01:30:00,1,5,8,1,0.527,0.5149542066082066,0.012045793391793458
2025-08-02 01:45:00,1,5,8,1,0.531,0.5149542066082066,0.01604579339179346
2025-08-02 02:00:00,2,5,8,1,0.531,0.5414063106800608,0.010406310680060815
2025-08-02 02:15:00,2,5,8,1,0.53,0.5414063106800608,0.011406310680060816
2025-08-02 02:30:00,2,5,8,1,0.532,0.5414063106800608,0.009406310680060814
2025-08-02 02:45:00,2,5,8,1,0.504,0.5414063106800608,0.03740631068006084
2025-08-02 03:00:00,3,5,8,1,0.42700000000000005,0.5475947602219375,0.12059476022193749
2025-08-02 03:15:00,3,5,8,1,0.42400000000000004,0.5475947602219375,0.1235947602219375
2025-08-02 03:30:00,3,5,8,1,0.42500000000000004,0.5475947602219375,0.1225947602219375
2025-08-02 03:45:00,3,5,8,1,0.42600000000000005,0.5475947602219375,0.12159476022193749
2025-08-02 04:00:00,4,5,8,1,0.42500000000000004,0.5480241877039772,0.12302418770397716
2025-08-02 04:15:00,4,5,8,1,0.42600000000000005,0.5480241877039772,0.12202418770397716
2025-08-02 04:30:00,4,5,8,1,0.42300000000000004,0.5480241877039772,0.12502418770397716
2025-08-02 04:45:00,4,5,8,1,0.391,0.5480241877039772,0.1570241877039772
2025-08-02 05:00:00,5,5,8,1,0.391,0.49363268156227774,0.10263268156227773
2025-08-02 05:15:00,5,5,8,1,0.366,0.49363268156227774,0.12763268156227775
2025-08-02 05:30:00,5,5,8,1,0.382,0.49363268156227774,0.11163268156227774
2025-08-02 05:45:00,5,5,8,1,0.402,0.49363268156227774,0.09163268156227772
2025-08-02 06:00:00,6,5,8,1,0.406,0.4598310046411831,0.05383100464118307
2025-08-02 06:15:00,6,5,8,1,0.394,0.4598310046411831,0.06583100464118308
2025-08-02 06:30:00,6,5,8,1,0.381,0.4598310046411831,0.07883100464118309
2025-08-02 06:45:00,6,5,8,1,0.34700000000000003,0.4598310046411831,0.11283100464118306
2025-08-02 07:00:00,7,5,8,1,0.32,0.3577034606932606,0.03770346069326058
2025-08-02 07:15:00,7,5,8,1,0.358,0.3577034606932606,0.0002965393067393962
2025-08-02 07:30:00,7,5,8,1,0.5549999999999999,0.3577034606932606,0.19729653930673935
2025-08-02 07:45:00,7,5,8,1,0.563,0.3577034606932606,0.20529653930673936
2025-08-02 08:00:00,8,5,8,1,0.694,0.4374885160410001,0.25651148395899986
2025-08-02 08:15:00,8,5,8,1,0.514,0.4374885160410001,0.07651148395899993
2025-08-02 08:30:00,8,5,8,1,0.264,0.4374885160410001,0.17348851604100007
2025-08-02 08:45:00,8,5,8,1,0.302,0.4374885160410001,0.1354885160410001
2025-08-02 09:00:00,9,5,8,1,0.309,0.3221077900333273,0.013107790033327293
2025-08-02 09:15:00,9,5,8,1,0.264,0.3221077900333273,0.05810779003332728
2025-08-02 09:30:00,9,5,8,1,0.311,0.3221077900333273,0.011107790033327292
2025-08-02 09:45:00,9,5,8,1,0.264,0.3221077900333273,0.05810779003332728
2025-08-02 10:00:00,10,5,8,1,0.264,0.3164922792741052,0.052492279274105214
2025-08-02 10:15:00,10,5,8,1,0.28500000000000003,0.3164922792741052,0.031492279274105195
2025-08-02 10:30:00,10,5,8,1,0.264,0.3164922792741052,0.052492279274105214
2025-08-02 10:45:00,10,5,8,1,0.264,0.3164922792741052,0.052492279274105214
2025-08-02 11:00:00,11,5,8,1,0.264,0.28638615676179424,0.02238615676179423
2025-08-02 11:15:00,11,5,8,1,0.264,0.28638615676179424,0.02238615676179423
2025-08-02 11:30:00,11,5,8,1,0.264,0.28638615676179424,0.02238615676179423
2025-08-02 11:45:00,11,5,8,1,0.264,0.28638615676179424,0.02238615676179423
2025-08-02 12:00:00,12,5,8,1,0.264,0.28618103010424323,0.022181030104243216
2025-08-02 12:15:00,12,5,8,1,0.264,0.28618103010424323,0.022181030104243216
2025-08-02 12:30:00,12,5,8,1,0.28200000000000003,0.28618103010424323,0.0041810301042432
2025-08-02 12:45:00,12,5,8,1,0.42500000000000004,0.28618103010424323,0.13881896989575682
2025-08-02 13:00:00,13,5,8,1,0.463,0.2920302760898038,0.17096972391019621
2025-08-02 13:15:00,13,5,8,1,0.32,0.2920302760898038,0.027969723910196198
2025-08-02 13:30:00,13,5,8,1,0.313,0.2920302760898038,0.020969723910196192
2025-08-02 13:45:00,13,5,8,1,0.264,0.2920302760898038,0.028030276089803796
2025-08-02 14:00:00,14,5,8,1,0.314,0.3101108323841114,0.003889167615888589
2025-08-02 14:15:00,14,5,8,1,0.383,0.3101108323841114,0.0728891676158886
2025-08-02 14:30:00,14,5,8,1,0.395,0.3101108323841114,0.0848891676158886
2025-08-02 14:45:00,14,5,8,1,0.328,0.3101108323841114,0.0178891676158886
2025-08-02 15:00:00,15,5,8,1,0.405,0.3333442516536975,0.0716557483463025
2025-08-02 15:15:00,15,5,8,1,0.40700000000000003,0.3333442516536975,0.07365574834630251
2025-08-02 15:30:00,15,5,8,1,0.41000000000000003,0.3333442516536975,0.07665574834630251
2025-08-02 15:45:00,15,5,8,1,0.42000000000000004,0.3333442516536975,0.08665574834630252
2025-08-02 16:00:00,16,5,8,1,0.40800000000000003,0.32140813795544376,0.08659186204455627
2025-08-02 16:15:00,16,5,8,1,0.42000000000000004,0.32140813795544376,0.09859186204455628
2025-08-02 16:30:00,16,5,8,1,0.41700000000000004,0.32140813795544376,0.09559186204455628
2025-08-02 16:45:00,16,5,8,1,0.398,0.32140813795544376,0.07659186204455626
2025-08-02 17:00:00,17,5,8,1,0.397,0.3308209524398137,0.06617904756018633
2025-08-02 17:15:00,17,5,8,1,0.4,0.3308209524398137,0.06917904756018634
2025-08-02 17:30:00,17,5,8,1,0.397,0.3308209524398137,0.06617904756018633
2025-08-02 17:45:00,17,5,8,1,0.493,0.3308209524398137,0.1621790475601863
2025-08-02 18:00:00,18,5,8,1,0.398,0.37295528659056104,0.02504471340943898
2025-08-02 18:15:00,18,5,8,1,0.41900000000000004,0.37295528659056104,0.046044713409439
2025-08-02 18:30:00,18,5,8,1,0.622,0.37295528659056104,0.24904471340943896
2025-08-02 18:45:00,18,5,8,1,0.528,0.37295528659056104,0.15504471340943898
2025-08-02 19:00:00,19,5,8,1,0.529,0.396190106656986,0.13280989334301402
2025-08-02 19:15:00,19,5,8,1,0.687,0.396190106656986,0.29080989334301405
2025-08-02 19:30:00,19,5,8,1,0.897,0.396190106656986,0.5008098933430141
2025-08-02 19:45:00,19,5,8,1,0.477,0.396190106656986,0.08080989334301397
2025-08-02 20:00:00,20,5,8,1,0.843,0.45733205889101713,0.38566794110898284
2025-08-02 20:15:00,20,5,8,1,0.752,0.45733205889101713,0.29466794110898287
2025-08-02 20:30:00,20,5,8,1,0.749,0.45733205889101713,0.29166794110898286
2025-08-02 20:45:00,20,5,8,1,0.67,0.45733205889101713,0.2126679411089829
2025-08-02 21:00:00,21,5,8,1,0.655,0.5851080672316525,0.06989193276834749
2025-08-02 21:15:00,21,5,8,1,0.5940000000000001,0.5851080672316525,0.008891932768347544
2025-08-02 21:30:00,21,5,8,1,0.615,0.5851080672316525,0.02989193276834745
2025-08-02 21:45:00,21,5,8,1,0.565,0.5851080672316525,0.020108067231652593
2025-08-02 22:00:00,22,5,8,1,0.629,0.6045391936570356,0.024460806342964436
2025-08-02 22:15:00,22,5,8,1,0.631,0.6045391936570356,0.026460806342964438
2025-08-02 22:30:00,22,5,8,1,0.531,0.6045391936570356,0.07353919365703554
2025-08-02 22:45:00,22,5,8,1,0.548,0.6045391936570356,0.056539193657035525
2025-08-02 23:00:00,23,5,8,1,0.51,0.6676901292859437,0.15769012928594373
2025-08-02 23:15:00,23,5,8,1,0.52,0.6676901292859437,0.14769012928594372
2025-08-02 23:30:00,23,5,8,1,0.543,0.6676901292859437,0.1246901292859437
2025-08-02 23:45:00,23,5,8,1,0.548,0.6676901292859437,0.11969012928594369
2025-08-03 00:00:00,0,6,8,1,0.545,0.5216662871270169,0.023333712872983137
2025-08-03 00:15:00,0,6,8,1,0.544,0.5216662871270169,0.022333712872983136
2025-08-03 00:30:00,0,6,8,1,0.544,0.5216662871270169,0.022333712872983136
2025-08-03 00:45:00,0,6,8,1,0.545,0.5216662871270169,0.023333712872983137
2025-08-03 01:00:00,1,6,8,1,0.542,0.5359687902843918,0.006031209715608221
2025-08-03 01:15:00,1,6,8,1,0.546,0.5359687902843918,0.010031209715608225
2025-08-03 01:30:00,1,6,8,1,0.879,0.5359687902843918,0.3430312097156082
2025-08-03 01:45:00,1,6,8,1,0.895,0.5359687902843918,0.3590312097156082
2025-08-03 02:00:00,2,6,8,1,0.724,0.5468896876349988,0.1771103123650012
2025-08-03 02:15:00,2,6,8,1,0.655,0.5468896876349988,0.10811031236500124
2025-08-03 02:30:00,2,6,8,1,0.63,0.5468896876349988,0.08311031236500122
2025-08-03 02:45:00,2,6,8,1,0.706,0.5468896876349988,0.15911031236500117
2025-08-03 03:00:00,3,6,8,1,0.683,0.5500239356399531,0.13297606436004694
2025-08-03 03:15:00,3,6,8,1,0.611,0.5500239356399531,0.06097606436004688
2025-08-03 03:30:00,3,6,8,1,0.617,0.5500239356399531,0.06697606436004688
2025-08-03 03:45:00,3,6,8,1,0.77,0.5500239356399531,0.2199760643600469
2025-08-03 04:00:00,4,6,8,1,0.712,0.5393915072396033,0.1726084927603967
2025-08-03 04:15:00,4,6,8,1,0.732,0.5393915072396033,0.1926084927603967
2025-08-03 04:30:00,4,6,8,1,0.698,0.5393915072396033,0.15860849276039668
2025-08-03 04:45:00,4,6,8,1,0.73,0.5393915072396033,0.1906084927603967
2025-08-03 05:00:00,5,6,8,1,0.7030000000000001,0.547459265102815,0.15554073489718512
2025-08-03 05:15:00,5,6,8,1,0.734,0.547459265102815,0.18654073489718503
2025-08-03 05:30:00,5,6,8,1,0.6990000000000001,0.547459265102815,0.15154073489718511
2025-08-03 05:45:00,5,6,8,1,0.593,0.547459265102815,0.04554073489718502
2025-08-03 06:00:00,6,6,8,1,0.595,0.4644182832321122,0.13058171676788777
2025-08-03 06:15:00,6,6,8,1,0.5800000000000001,0.4644182832321122,0.11558171676788787
2025-08-03 06:30:00,6,6,8,1,0.597,0.4644182832321122,0.13258171676788777
2025-08-03 06:45:00,6,6,8,1,0.5940000000000001,0.4644182832321122,0.12958171676788788
2025-08-03 07:00:00,7,6,8,1,0.5740000000000001,0.3856683573591486,0.18833164264085145
2025-08-03 07:15:00,7,6,8,1,0.593,0.3856683573591486,0.20733164264085135
2025-08-03 07:30:00,7,6,8,1,0.534,0.3856683573591486,0.1483316426408514
2025-08-03 07:45:00,7,6,8,1,0.639,0.3856683573591486,0.2533316426408514
2025-08-03 08:00:00,8,6,8,1,0.646,0.40846873943242834,0.23753126056757168
2025-08-03 08:15:00,8,6,8,1,0.679,0.40846873943242834,0.2705312605675717
2025-08-03 08:30:00,8,6,8,1,0.616,0.40846873943242834,0.20753126056757165
2025-08-03 08:45:00,8,6,8,1,0.478,0.40846873943242834,0.06953126056757164
2025-08-03 09:00:00,9,6,8,1,0.51,0.32849676653702453,0.18150323346297548
2025-08-03 09:15:00,9,6,8,1,0.593,0.32849676653702453,0.26450323346297544
2025-08-03 09:30:00,9,6,8,1,0.5569999999999999,0.32849676653702453,0.2285032334629754
2025-08-03 09:45:00,9,6,8,1,0.6739999999999999,0.32849676653702453,0.3455032334629754
2025-08-03 10:00:00,10,6,8,1,0.798,0.34404908319082617,0.4539509168091739
2025-08-03 10:15:00,10,6,8,1,0.627,0.34404908319082617,0.28295091680917384
2025-08-03 10:30:00,10,6,8,1,0.567,0.34404908319082617,0.22295091680917378
2025-08-03 10:45:00,10,6,8,1,0.546,0.34404908319082617,0.20195091680917387
2025-08-03 11:00:00,11,6,8,1,0.5820000000000001,0.29017818943528134,0.29182181056471873
2025-08-03 11:15:00,11,6,8,1,0.535,0.29017818943528134,0.2448218105647187
2025-08-03 11:30:00,11,6,8,1,0.535,0.29017818943528134,0.2448218105647187
2025-08-03 11:45:00,11,6,8,1,0.512,0.29017818943528134,0.22182181056471867
2025-08-03 12:00:00,12,6,8,1,0.508,0.290043605129903,0.217956394870097
2025-08-03 12:15:00,12,6,8,1,0.447,0.290043605129903,0.156956394870097
2025-08-03 12:30:00,12,6,8,1,0.41200000000000003,0.290043605129903,0.12195639487009702
2025-08-03 12:45:00,12,6,8,1,0.518,0.290043605129903,0.227956394870097
2025-08-03 13:00:00,13,6,8,1,0.462,0.29798919696106974,0.1640108030389303
2025-08-03 13:15:00,13,6,8,1,0.722,0.29798919696106974,0.42401080303893024
2025-08-03 13:30:00,13,6,8,1,0.501,0.29798919696106974,0.20301080303893027
2025-08-03 13:45:00,13,6,8,1,0.494,0.29798919696106974,0.19601080303893026
2025-08-03 14:00:00,14,6,8,1,0.502,0.32683168282953606,0.17516831717046394
2025-08-03 14:15:00,14,6,8,1,0.529,0.32683168282953606,0.20216831717046396
2025-08-03 14:30:00,14,6,8,1,0.503,0.32683168282953606,0.17616831717046394
2025-08-03 14:45:00,14,6,8,1,0.491,0.32683168282953606,0.16416831717046393
2025-08-03 15:00:00,15,6,8,1,0.477,0.3413265343993049,0.1356734656006951
2025-08-03 15:15:00,15,6,8,1,0.473,0.3413265343993049,0.1316734656006951
2025-08-03 15:30:00,15,6,8,1,0.42200000000000004,0.3413265343993049,0.08067346560069516
2025-08-03 15:45:00,15,6,8,1,0.405,0.3413265343993049,0.06367346560069514
2025-08-03 16:00:00,16,6,8,1,0.43100000000000005,0.3550176048759026,0.07598239512409743
2025-08-03 16:15:00,16,6,8,1,0.40800000000000003,0.3550176048759026,0.052982395124097414
2025-08-03 16:30:00,16,6,8,1,0.376,0.3550176048759026,0.020982395124097386
2025-08-03 16:45:00,16,6,8,1,0.389,0.3550176048759026,0.0339823951240974
2025-08-03 17:00:00,17,6,8,1,0.5529999999999999,0.37496189771219735,0.1780381022878026
2025-08-03 17:15:00,17,6,8,1,0.449,0.37496189771219735,0.07403810228780267
2025-08-03 17:30:00,17,6,8,1,0.436,0.37496189771219735,0.061038102287802654
2025-08-03 17:45:00,17,6,8,1,0.54,0.37496189771219735,0.1650381022878027
2025-08-03 18:00:00,18,6,8,1,0.42100000000000004,0.4526607575561155,0.03166075755611547
2025-08-03 18:15:00,18,6,8,1,0.43200000000000005,0.4526607575561155,0.02066075755611546
2025-08-03 18:30:00,18,6,8,1,0.43000000000000005,0.4526607575561155,0.022660757556115463
2025-08-03 18:45:00,18,6,8,1,0.41600000000000004,0.4526607575561155,0.036660757556115475
2025-08-03 19:00:00,19,6,8,1,0.403,0.42254265786853523,0.019542657868535207
2025-08-03 19:15:00,19,6,8,1,0.41400000000000003,0.42254265786853523,0.008542657868535197
2025-08-03 19:30:00,19,6,8,1,0.41200000000000003,0.42254265786853523,0.010542657868535199
2025-08-03 19:45:00,19,6,8,1,0.42400000000000004,0.42254265786853523,0.0014573421314648116
2025-08-03 20:00:00,20,6,8,1,0.511,0.4892677104454461,0.02173228955455392
2025-08-03 20:15:00,20,6,8,1,0.43200000000000005,0.4892677104454461,0.05726771044544604
2025-08-03 20:30:00,20,6,8,1,0.504,0.4892677104454461,0.014732289554553912
2025-08-03 20:45:00,20,6,8,1,0.489,0.4892677104454461,0.000267710445446101
2025-08-03 21:00:00,21,6,8,1,0.46,0.44643087627070305,0.013569123729296972
2025-08-03 21:15:00,21,6,8,1,0.317,0.44643087627070305,0.12943087627070304
2025-08-03 21:30:00,21,6,8,1,0.513,0.44643087627070305,0.06656912372929696
2025-08-03 21:45:00,21,6,8,1,0.52,0.44643087627070305,0.07356912372929697
2025-08-03 22:00:00,22,6,8,1,0.726,0.5736111915386326,0.15238880846136738
2025-08-03 22:15:00,22,6,8,1,0.86,0.5736111915386326,0.2863888084613674
2025-08-03 22:30:00,22,6,8,1,0.854,0.5736111915386326,0.2803888084613674
2025-08-03 22:45:00,22,6,8,1,0.852,0.5736111915386326,0.2783888084613674
2025-08-03 23:00:00,23,6,8,1,0.535,0.6182965347853329,0.08329653478533283
2025-08-03 23:15:00,23,6,8,1,0.6060000000000001,0.6182965347853329,0.012296534785332769
2025-08-03 23:30:00,23,6,8,1,0.55,0.6182965347853329,0.06829653478533282
2025-08-03 23:45:00,23,6,8,1,0.544,0.6182965347853329,0.07429653478533282
2025-08-04 00:00:00,0,0,8,0,0.45,0.5528411823033856,0.10284118230338563
2025-08-04 00:15:00,0,0,8,0,0.531,0.5528411823033856,0.02184118230338561
2025-08-04 00:30:00,0,0,8,0,0.491,0.5528411823033856,0.061841182303385644
2025-08-04 00:45:00,0,0,8,0,0.483,0.5528411823033856,0.06984118230338565
2025-08-04 01:00:00,1,0,8,0,0.403,0.5445685741456762,0.14156857414567614
2025-08-04 01:15:00,1,0,8,0,0.264,0.5445685741456762,0.28056857414567615
2025-08-04 01:30:00,1,0,8,0,0.47,0.5445685741456762,0.07456857414567619
2025-08-04 01:45:00,1,0,8,0,0.499,0.5445685741456762,0.045568574145676166
2025-08-04 02:00:00,2,0,8,0,0.653,0.5610693613904599,0.0919306386095401
2025-08-04 02:15:00,2,0,8,0,0.452,0.5610693613904599,0.10906936139045992
2025-08-04 02:30:00,2,0,8,0,0.444,0.5610693613904599,0.11706936139045993
2025-08-04 02:45:00,2,0,8,0,0.457,0.5610693613904599,0.10406936139045991
2025-08-04 03:00:00,3,0,8,0,0.472,0.5559829716547194,0.08398297165471946
2025-08-04 03:15:00,3,0,8,0,0.445,0.5559829716547194,0.11098297165471943
2025-08-04 03:30:00,3,0,8,0,0.492,0.5559829716547194,0.06398297165471944
2025-08-04 03:45:00,3,0,8,0,0.439,0.5559829716547194,0.11698297165471944
2025-08-04 04:00:00,4,0,8,0,0.457,0.5462466884018735,0.0892466884018735
2025-08-04 04:15:00,4,0,8,0,0.42100000000000004,0.5462466884018735,0.12524668840187347
2025-08-04 04:30:00,4,0,8,0,0.496,0.5462466884018735,0.05024668840187352
2025-08-04 04:45:00,4,0,8,0,0.448,0.5462466884018735,0.0982466884018735
2025-08-04 05:00:00,5,0,8,0,0.485,0.561027708664401,0.076027708664401
2025-08-04 05:15:00,5,0,8,0,0.456,0.561027708664401,0.10502770866440098
2025-08-04 05:30:00,5,0,8,0,0.42300000000000004,0.561027708664401,0.13802770866440095
2025-08-04 05:45:00,5,0,8,0,0.446,0.561027708664401,0.11502770866440098
2025-08-04 06:00:00,6,0,8,0,0.452,0.47372322642197434,0.02172322642197433
2025-08-04 06:15:00,6,0,8,0,0.513,0.47372322642197434,0.03927677357802567
2025-08-04 06:30:00,6,0,8,0,0.646,0.47372322642197434,0.17227677357802568
2025-08-04 06:45:00,6,0,8,0,0.642,0.47372322642197434,0.16827677357802567
2025-08-04 07:00:00,7,0,8,0,0.39,0.394346144664738,0.004346144664737983
2025-08-04 07:15:00,7,0,8,0,0.444,0.394346144664738,0.04965385533526201
2025-08-04 07:30:00,7,0,8,0,0.43000000000000005,0.394346144664738,0.03565385533526205
2025-08-04 07:45:00,7,0,8,0,0.445,0.394346144664738,0.05065385533526201
2025-08-04 08:00:00,8,0,8,0,0.44,0.3293465284329747,0.11065347156702532
2025-08-04 08:15:00,8,0,8,0,0.437,0.3293465284329747,0.10765347156702532
2025-08-04 08:30:00,8,0,8,0,0.652,0.3293465284329747,0.32265347156702534
2025-08-04 08:45:00,8,0,8,0,0.614,0.3293465284329747,0.2846534715670253
2025-08-04 09:00:00,9,0,8,0,0.624,0.3476303477030985,0.2763696522969015
2025-08-04 09:15:00,9,0,8,0,0.493,0.3476303477030985,0.14536965229690152
2025-08-04 09:30:00,9,0,8,0,0.533,0.3476303477030985,0.18536965229690155
2025-08-04 09:45:00,9,0,8,0,0.5800000000000001,0.3476303477030985,0.2323696522969016
2025-08-04 10:00:00,10,0,8,0,0.43400000000000005,0.33659651927376555,0.0974034807262345
2025-08-04 10:15:00,10,0,8,0,0.54,0.33659651927376555,0.2034034807262345
2025-08-04 10:30:00,10,0,8,0,0.465,0.33659651927376555,0.12840348072623448
2025-08-04 10:45:00,10,0,8,0,0.395,0.33659651927376555,0.05840348072623447
2025-08-04 11:00:00,11,0,8,0,0.264,0.28749929247751277,0.023499292477512757
2025-08-04 11:15:00,11,0,8,0,0.264,0.28749929247751277,0.023499292477512757
2025-08-04 11:30:00,11,0,8,0,0.384,0.28749929247751277,0.09650070752248724
2025-08-04 11:45:00,11,0,8,0,0.264,0.28749929247751277,0.023499292477512757
2025-08-04 12:00:00,12,0,8,0,0.29200000000000004,0.2873091042306536,0.004690895769346448
2025-08-04 12:15:00,12,0,8,0,0.42000000000000004,0.2873091042306536,0.13269089576934645
2025-08-04 12:30:00,12,0,8,0,0.41200000000000003,0.2873091042306536,0.12469089576934644
2025-08-04 12:45:00,12,0,8,0,0.381,0.2873091042306536,0.09369089576934642
2025-08-04 13:00:00,13,0,8,0,0.613,0.2916857273482884,0.3213142726517116
2025-08-04 13:15:00,13,0,8,0,0.356,0.2916857273482884,0.06431427265171158
2025-08-04 13:30:00,13,0,8,0,0.264,0.2916857273482884,0.02768572734828839
2025-08-04 13:45:00,13,0,8,0,0.264,0.2916857273482884,0.02768572734828839
2025-08-04 14:00:00,14,0,8,0,0.361,0.3056553920760129,0.0553446079239871
2025-08-04 14:15:00,14,0,8,0,0.43200000000000005,0.3056553920760129,0.12634460792398716
2025-08-04 14:30:00,14,0,8,0,0.43300000000000005,0.3056553920760129,0.12734460792398716
2025-08-04 14:45:00,14,0,8,0,0.326,0.3056553920760129,0.020344607923987124
2025-08-04 15:00:00,15,0,8,0,0.337,0.34351306092081546,0.006513060920815439
2025-08-04 15:15:00,15,0,8,0,0.29500000000000004,0.34351306092081546,0.04851306092081542
2025-08-04 15:30:00,15,0,8,0,0.327,0.34351306092081546,0.016513060920815448
2025-08-04 15:45:00,15,0,8,0,0.383,0.34351306092081546,0.039486939079184546
2025-08-04 16:00:00,16,0,8,0,0.313,0.34490472937016764,0.03190472937016764
2025-08-04 16:15:00,16,0,8,0,0.36,0.34490472937016764,0.015095270629832347
2025-08-04 16:30:00,16,0,8,0,0.34900000000000003,0.34490472937016764,0.004095270629832393
2025-08-04 16:45:00,16,0,8,0,0.36,0.34490472937016764,0.015095270629832347
2025-08-04 17:00:00,17,0,8,0,0.359,0.2892865246102366,0.06971347538976341
2025-08-04 17:15:00,17,0,8,0,0.378,0.2892865246102366,0.08871347538976343
2025-08-04 17:30:00,17,0,8,0,0.353,0.2892865246102366,0.06371347538976341
2025-08-04 17:45:00,17,0,8,0,0.355,0.2892865246102366,0.06571347538976341
2025-08-04 18:00:00,18,0,8,0,0.51,0.4311623214928897,0.07883767850711032
2025-08-04 18:15:00,18,0,8,0,0.393,0.4311623214928897,0.03816232149288967
2025-08-04 18:30:00,18,0,8,0,0.448,0.4311623214928897,0.01683767850711032
2025-08-04 18:45:00,18,0,8,0,0.453,0.4311623214928897,0.021837678507110325
2025-08-04 19:00:00,19,0,8,0,0.536,0.4798526516512581,0.05614734834874191
2025-08-04 19:15:00,19,0,8,0,0.601,0.4798526516512581,0.12114734834874186
2025-08-04 19:30:00,19,0,8,0,0.484,0.4798526516512581,0.004147348348741864
2025-08-04 19:45:00,19,0,8,0,0.465,0.4798526516512581,0.014852651651258097
2025-08-04 20:00:00,20,0,8,0,0.473,0.5210842261234073,0.04808422612340735
2025-08-04 20:15:00,20,0,8,0,0.491,0.5210842261234073,0.03008422612340733
2025-08-04 20:30:00,20,0,8,0,0.485,0.5210842261234073,0.03608422612340734
2025-08-04 20:45:00,20,0,8,0,0.512,0.5210842261234073,0.009084226123407313
2025-08-04 21:00:00,21,0,8,0,0.481,0.5693449794751763,0.08834497947517628
2025-08-04 21:15:00,21,0,8,0,0.473,0.5693449794751763,0.09634497947517628
2025-08-04 21:30:00,21,0,8,0,0.474,0.5693449794751763,0.09534497947517628
2025-08-04 21:45:00,21,0,8,0,0.607,0.5693449794751763,0.037655020524823724
2025-08-04 22:00:00,22,0,8,0,0.581,0.6020720955506547,0.0210720955506547
2025-08-04 22:15:00,22,0,8,0,0.5489999999999999,0.6020720955506547,0.05307209555065473
2025-08-04 22:30:00,22,0,8,0,0.538,0.6020720955506547,0.06407209555065463
2025-08-04 22:45:00,22,0,8,0,0.514,0.6020720955506547,0.08807209555065465
2025-08-04 23:00:00,23,0,8,0,0.539,0.7387806553262231,0.19978065532622302
2025-08-04 23:15:00,23,0,8,0,0.54,0.7387806553262231,0.19878065532622302
2025-08-04 23:30:00,23,0,8,0,0.539,0.7387806553262231,0.19978065532622302
2025-08-04 23:45:00,23,0,8,0,0.49,0.7387806553262231,0.24878065532622307
2025-08-05 00:00:00,0,1,8,0,0.382,0.556369484643611,0.17436948464361102
2025-08-05 00:15:00,0,1,8,0,0.41600000000000004,0.556369484643611,0.140369484643611
2025-08-05 00:30:00,0,1,8,0,0.457,0.556369484643611,0.099369484643611
2025-08-05 00:45:00,0,1,8,0,0.461,0.556369484643611,0.095369484643611
2025-08-05 01:00:00,1,1,8,0,0.47,0.5365841499163979,0.06658414991639794
2025-08-05 01:15:00,1,1,8,0,0.394,0.5365841499163979,0.1425841499163979
2025-08-05 01:30:00,1,1,8,0,0.464,0.5365841499163979,0.07258414991639789
2025-08-05 01:45:00,1,1,8,0,0.482,0.5365841499163979,0.05458414991639793
2025-08-05 02:00:00,2,1,8,0,0.41900000000000004,0.5453342921964559,0.12633429219645587
2025-08-05 02:15:00,2,1,8,0,0.398,0.5453342921964559,0.14733429219645588
2025-08-05 02:30:00,2,1,8,0,0.384,0.5453342921964559,0.1613342921964559
2025-08-05 02:45:00,2,1,8,0,0.404,0.5453342921964559,0.14133429219645588
2025-08-05 03:00:00,3,1,8,0,0.42000000000000004,0.554837246685281,0.13483724668528096
2025-08-05 03:15:00,3,1,8,0,0.42100000000000004,0.554837246685281,0.13383724668528096
2025-08-05 03:30:00,3,1,8,0,0.399,0.554837246685281,0.15583724668528098
2025-08-05 03:45:00,3,1,8,0,0.385,0.554837246685281,0.169837246685281
2025-08-05 04:00:00,4,1,8,0,0.404,0.5512099532086712,0.14720995320867114
2025-08-05 04:15:00,4,1,8,0,0.562,0.5512099532086712,0.010790046791328889
2025-08-05 04:30:00,4,1,8,0,0.42600000000000005,0.5512099532086712,0.12520995320867112
2025-08-05 04:45:00,4,1,8,0,0.397,0.5512099532086712,0.15420995320867115
2025-08-05 05:00:00,5,1,8,0,0.387,0.5353002914478534,0.1483002914478534
2025-08-05 05:15:00,5,1,8,0,0.402,0.5353002914478534,0.13330029144785338
2025-08-05 05:30:00,5,1,8,0,0.41500000000000004,0.5353002914478534,0.12030029144785337
2025-08-05 05:45:00,5,1,8,0,0.41400000000000003,0.5353002914478534,0.12130029144785337
2025-08-05 06:00:00,6,1,8,0,0.453,0.5041679247722454,0.051167924772245355
2025-08-05 06:15:00,6,1,8,0,0.441,0.5041679247722454,0.06316792477224537
2025-08-05 06:30:00,6,1,8,0,0.452,0.5041679247722454,0.052167924772245355
2025-08-05 06:45:00,6,1,8,0,0.439,0.5041679247722454,0.06516792477224537
2025-08-05 07:00:00,7,1,8,0,0.43200000000000005,0.38296592385832423,0.04903407614167582
2025-08-05 07:15:00,7,1,8,0,0.507,0.38296592385832423,0.12403407614167578
2025-08-05 07:30:00,7,1,8,0,0.722,0.38296592385832423,0.33903407614167574
2025-08-05 07:45:00,7,1,8,0,0.52,0.38296592385832423,0.1370340761416758
2025-08-05 08:00:00,8,1,8,0,0.516,0.42464835881470187,0.09135164118529815
2025-08-05 08:15:00,8,1,8,0,0.396,0.42464835881470187,0.028648358814701846
2025-08-05 08:30:00,8,1,8,0,0.579,0.42464835881470187,0.1543516411852981
2025-08-05 08:45:00,8,1,8,0,0.449,0.42464835881470187,0.024351641185298145
2025-08-05 09:00:00,9,1,8,0,0.316,0.34796084508689545,0.03196084508689545
2025-08-05 09:15:00,9,1,8,0,0.28300000000000003,0.34796084508689545,0.06496084508689542
2025-08-05 09:30:00,9,1,8,0,0.331,0.34796084508689545,0.016960845086895437
2025-08-05 09:45:00,9,1,8,0,0.264,0.34796084508689545,0.08396084508689544
2025-08-05 10:00:00,10,1,8,0,0.43100000000000005,0.33949954361316,0.09150045638684007
2025-08-05 10:15:00,10,1,8,0,0.589,0.33949954361316,0.24950045638683999
2025-08-05 10:30:00,10,1,8,0,0.43400000000000005,0.33949954361316,0.09450045638684007
2025-08-05 10:45:00,10,1,8,0,0.264,0.33949954361316,0.07549954361315997
2025-08-05 11:00:00,11,1,8,0,0.264,0.2867515702333036,0.022751570233303597
2025-08-05 11:15:00,11,1,8,0,0.264,0.2867515702333036,0.022751570233303597
2025-08-05 11:30:00,11,1,8,0,0.306,0.2867515702333036,0.019248429766696384
2025-08-05 11:45:00,11,1,8,0,0.276,0.2867515702333036,0.010751570233303587
2025-08-05 12:00:00,12,1,8,0,0.264,0.28665318754200003,0.02265318754200002
2025-08-05 12:15:00,12,1,8,0,0.264,0.28665318754200003,0.02265318754200002
2025-08-05 12:30:00,12,1,8,0,0.337,0.28665318754200003,0.05034681245799999
2025-08-05 12:45:00,12,1,8,0,0.28600000000000003,0.28665318754200003,0.000653187542
2025-08-05 13:00:00,13,1,8,0,0.264,0.29182451167262147,0.027824511672621455
2025-08-05 13:15:00,13,1,8,0,0.264,0.29182451167262147,0.027824511672621455
2025-08-05 13:30:00,13,1,8,0,0.264,0.29182451167262147,0.027824511672621455
2025-08-05 13:45:00,13,1,8,0,0.264,0.29182451167262147,0.027824511672621455
2025-08-05 14:00:00,14,1,8,0,0.264,0.3057941764003459,0.041794176400345884
2025-08-05 14:15:00,14,1,8,0,0.264,0.3057941764003459,0.041794176400345884
2025-08-05 14:30:00,14,1,8,0,0.264,0.3057941764003459,0.041794176400345884
2025-08-05 14:45:00,14,1,8,0,0.264,0.3057941764003459,0.041794176400345884
2025-08-05 15:00:00,15,1,8,0,0.264,0.3436518452451484,0.0796518452451484
2025-08-05 15:15:00,15,1,8,0,0.264,0.3436518452451484,0.0796518452451484
2025-08-05 15:30:00,15,1,8,0,0.264,0.3436518452451484,0.0796518452451484
2025-08-05 15:45:00,15,1,8,0,0.264,0.3436518452451484,0.0796518452451484
2025-08-05 16:00:00,16,1,8,0,0.264,0.34316224880522833,0.07916224880522832
2025-08-05 16:15:00,16,1,8,0,0.279,0.34316224880522833,0.0641622488052283
2025-08-05 16:30:00,16,1,8,0,0.36,0.34316224880522833,0.016837751194771655
2025-08-05 16:45:00,16,1,8,0,0.394,0.34316224880522833,0.050837751194771685
2025-08-05 17:00:00,17,1,8,0,0.41500000000000004,0.34164837965856765,0.07335162034143239
2025-08-05 17:15:00,17,1,8,0,0.5660000000000001,0.34164837965856765,0.2243516203414324
2025-08-05 17:30:00,17,1,8,0,0.51,0.34164837965856765,0.16835162034143236
2025-08-05 17:45:00,17,1,8,0,0.43100000000000005,0.34164837965856765,0.0893516203414324
2025-08-05 18:00:00,18,1,8,0,0.42100000000000004,0.3958516637128543,0.025148336287145745
2025-08-05 18:15:00,18,1,8,0,0.42000000000000004,0.3958516637128543,0.024148336287145744
2025-08-05 18:30:00,18,1,8,0,0.438,0.3958516637128543,0.042148336287145705
2025-08-05 18:45:00,18,1,8,0,0.625,0.3958516637128543,0.2291483362871457
2025-08-05 19:00:00,19,1,8,0,0.517,0.4630016222675344,0.05399837773246563
2025-08-05 19:15:00,19,1,8,0,0.575,0.4630016222675344,0.11199837773246557
2025-08-05 19:30:00,19,1,8,0,0.496,0.4630016222675344,0.03299837773246561
2025-08-05 19:45:00,19,1,8,0,0.5860000000000001,0.4630016222675344,0.12299837773246569
2025-08-05 20:00:00,20,1,8,0,0.491,0.4464223418180463,0.044577658181953694
2025-08-05 20:15:00,20,1,8,0,0.508,0.4464223418180463,0.06157765818195371
2025-08-05 20:30:00,20,1,8,0,0.565,0.4464223418180463,0.11857765818195365
2025-08-05 20:45:00,20,1,8,0,0.554,0.4464223418180463,0.10757765818195375
2025-08-05 21:00:00,21,1,8,0,0.659,0.4937621059085216,0.16523789409147843
2025-08-05 21:15:00,21,1,8,0,0.474,0.4937621059085216,0.01976210590852162
2025-08-05 21:30:00,21,1,8,0,0.469,0.4937621059085216,0.024762105908521626
2025-08-05 21:45:00,21,1,8,0,0.442,0.4937621059085216,0.051762105908521594
2025-08-05 22:00:00,22,1,8,0,0.42000000000000004,0.6122666644169253,0.1922666644169253
2025-08-05 22:15:00,22,1,8,0,0.439,0.6122666644169253,0.17326666441692534
2025-08-05 22:30:00,22,1,8,0,0.436,0.6122666644169253,0.17626666441692534
2025-08-05 22:45:00,22,1,8,0,0.399,0.6122666644169253,0.21326666441692532
2025-08-05 23:00:00,23,1,8,0,0.338,0.7113387995082775,0.3733387995082775
2025-08-05 23:15:00,23,1,8,0,0.353,0.7113387995082775,0.3583387995082775
2025-08-05 23:30:00,23,1,8,0,0.372,0.7113387995082775,0.3393387995082775
2025-08-05 23:45:00,23,1,8,0,0.372,0.7113387995082775,0.3393387995082775
2025-08-06 00:00:00,0,2,8,0,0.5569999999999999,0.5449613266493539,0.012038673350646012
2025-08-06 00:15:00,0,2,8,0,0.627,0.5449613266493539,0.08203867335064607
2025-08-06 00:30:00,0,2,8,0,0.471,0.5449613266493539,0.07396132664935395
2025-08-06 00:45:00,0,2,8,0,0.395,0.5449613266493539,0.1499613266493539
2025-08-06 01:00:00,1,2,8,0,0.6040000000000001,0.5158506769398563,0.08814932306014378
2025-08-06 01:15:00,1,2,8,0,0.40900000000000003,0.5158506769398563,0.10685067693985628
2025-08-06 01:30:00,1,2,8,0,0.358,0.5158506769398563,0.15785067693985633
2025-08-06 01:45:00,1,2,8,0,0.357,0.5158506769398563,0.15885067693985633
2025-08-06 02:00:00,2,2,8,0,0.38,0.5511298059747838,0.17112980597478378
2025-08-06 02:15:00,2,2,8,0,0.379,0.5511298059747838,0.17212980597478378
2025-08-06 02:30:00,2,2,8,0,0.382,0.5511298059747838,0.16912980597478378
2025-08-06 02:45:00,2,2,8,0,0.507,0.5511298059747838,0.044129805974783776
2025-08-06 03:00:00,3,2,8,0,0.43100000000000005,0.5448153760454448,0.11381537604544478
2025-08-06 03:15:00,3,2,8,0,0.396,0.5448153760454448,0.1488153760454448
2025-08-06 03:30:00,3,2,8,0,0.399,0.5448153760454448,0.1458153760454448
2025-08-06 03:45:00,3,2,8,0,0.398,0.5448153760454448,0.1468153760454448
2025-08-06 04:00:00,4,2,8,0,0.398,0.5558752405144592,0.15787524051445923
2025-08-06 04:15:00,4,2,8,0,0.397,0.5558752405144592,0.15887524051445923
2025-08-06 04:30:00,4,2,8,0,0.43500000000000005,0.5558752405144592,0.12087524051445919
2025-08-06 04:45:00,4,2,8,0,0.446,0.5558752405144592,0.10987524051445924
2025-08-06 05:00:00,5,2,8,0,0.41300000000000003,0.5499735257936268,0.13697352579362676
2025-08-06 05:15:00,5,2,8,0,0.402,0.5499735257936268,0.14797352579362677
2025-08-06 05:30:00,5,2,8,0,0.42700000000000005,0.5499735257936268,0.12297352579362675
2025-08-06 05:45:00,5,2,8,0,0.438,0.5499735257936268,0.1119735257936268
2025-08-06 06:00:00,6,2,8,0,0.43000000000000005,0.4584000261026788,0.028400026102678777
2025-08-06 06:15:00,6,2,8,0,0.40900000000000003,0.4584000261026788,0.049400026102678796
2025-08-06 06:30:00,6,2,8,0,0.379,0.4584000261026788,0.07940002610267882
2025-08-06 06:45:00,6,2,8,0,0.385,0.4584000261026788,0.07340002610267882
2025-08-06 07:00:00,7,2,8,0,0.42000000000000004,0.4033432875097132,0.01665671249028683
2025-08-06 07:15:00,7,2,8,0,0.41900000000000004,0.4033432875097132,0.015656712490286828
2025-08-06 07:30:00,7,2,8,0,0.404,0.4033432875097132,0.0006567124902868149
2025-08-06 07:45:00,7,2,8,0,0.303,0.4033432875097132,0.10034328750971322
2025-08-06 08:00:00,8,2,8,0,0.264,0.47845705694309343,0.21445705694309342
2025-08-06 08:15:00,8,2,8,0,0.29000000000000004,0.47845705694309343,0.1884570569430934
2025-08-06 08:30:00,8,2,8,0,0.528,0.47845705694309343,0.049542943056906596
2025-08-06 08:45:00,8,2,8,0,0.453,0.47845705694309343,0.025457056943093415
2025-08-06 09:00:00,9,2,8,0,0.41700000000000004,0.3522747767251857,0.06472522327481434
2025-08-06 09:15:00,9,2,8,0,0.264,0.3522747767251857,0.08827477672518569
2025-08-06 09:30:00,9,2,8,0,0.371,0.3522747767251857,0.018725223274814295
2025-08-06 09:45:00,9,2,8,0,0.498,0.3522747767251857,0.1457252232748143
2025-08-06 10:00:00,10,2,8,0,0.478,0.34475272231170656,0.13324727768829342
2025-08-06 10:15:00,10,2,8,0,0.264,0.34475272231170656,0.08075272231170655
2025-08-06 10:30:00,10,2,8,0,0.264,0.34475272231170656,0.08075272231170655
2025-08-06 10:45:00,10,2,8,0,0.29800000000000004,0.34475272231170656,0.04675272231170652
2025-08-06 11:00:00,11,2,8,0,0.264,0.2839394595138886,0.01993945951388859
2025-08-06 11:15:00,11,2,8,0,0.264,0.2839394595138886,0.01993945951388859
2025-08-06 11:30:00,11,2,8,0,0.264,0.2839394595138886,0.01993945951388859
2025-08-06 11:45:00,11,2,8,0,0.264,0.2839394595138886,0.01993945951388859
2025-08-06 12:00:00,12,2,8,0,0.264,0.2838410768225849,0.019841076822584902
2025-08-06 12:15:00,12,2,8,0,0.264,0.2838410768225849,0.019841076822584902
2025-08-06 12:30:00,12,2,8,0,0.264,0.2838410768225849,0.019841076822584902
2025-08-06 12:45:00,12,2,8,0,0.264,0.2838410768225849,0.019841076822584902
2025-08-06 13:00:00,13,2,8,0,0.264,0.2889305357049795,0.024930535704979495
2025-08-06 13:15:00,13,2,8,0,0.264,0.2889305357049795,0.024930535704979495
2025-08-06 13:30:00,13,2,8,0,0.264,0.2889305357049795,0.024930535704979495
2025-08-06 13:45:00,13,2,8,0,0.264,0.2889305357049795,0.024930535704979495
2025-08-06 14:00:00,14,2,8,0,0.44,0.302900200432704,0.137099799567296
2025-08-06 14:15:00,14,2,8,0,0.62,0.302900200432704,0.317099799567296
2025-08-06 14:30:00,14,2,8,0,0.515,0.302900200432704,0.21209979956729602
2025-08-06 14:45:00,14,2,8,0,0.402,0.302900200432704,0.09909979956729603
2025-08-06 15:00:00,15,2,8,0,0.41800000000000004,0.3410773964567542,0.07692260354324582
2025-08-06 15:15:00,15,2,8,0,0.444,0.3410773964567542,0.10292260354324578
2025-08-06 15:30:00,15,2,8,0,0.41900000000000004,0.3410773964567542,0.07792260354324582
2025-08-06 15:45:00,15,2,8,0,0.459,0.3410773964567542,0.1179226035432458
2025-08-06 16:00:00,16,2,8,0,0.482,0.33989950166132615,0.14210049833867383
2025-08-06 16:15:00,16,2,8,0,0.406,0.33989950166132615,0.06610049833867387
2025-08-06 16:30:00,16,2,8,0,0.401,0.33989950166132615,0.06110049833867387
2025-08-06 16:45:00,16,2,8,0,0.473,0.33989950166132615,0.13310049833867382
2025-08-06 17:00:00,17,2,8,0,0.41600000000000004,0.3491475345326119,0.06685246546738816
2025-08-06 17:15:00,17,2,8,0,0.511,0.3491475345326119,0.16185246546738813
2025-08-06 17:30:00,17,2,8,0,0.5489999999999999,0.3491475345326119,0.19985246546738805
2025-08-06 17:45:00,17,2,8,0,0.364,0.3491475345326119,0.01485246546738811
2025-08-06 18:00:00,18,2,8,0,0.42700000000000005,0.42374051771918786,0.003259482280812187
2025-08-06 18:15:00,18,2,8,0,0.41100000000000003,0.42374051771918786,0.012740517719187827
2025-08-06 18:30:00,18,2,8,0,0.5589999999999999,0.42374051771918786,0.13525948228081208
2025-08-06 18:45:00,18,2,8,0,0.452,0.42374051771918786,0.028259482280812154
2025-08-06 19:00:00,19,2,8,0,0.581,0.47853573555261014,0.10246426444738982
2025-08-06 19:15:00,19,2,8,0,0.449,0.47853573555261014,0.02953573555261013
2025-08-06 19:30:00,19,2,8,0,0.436,0.47853573555261014,0.04253573555261014
2025-08-06 19:45:00,19,2,8,0,0.397,0.47853573555261014,0.08153573555261012
2025-08-06 20:00:00,20,2,8,0,0.41700000000000004,0.500316510155852,0.08331651015585195
2025-08-06 20:15:00,20,2,8,0,0.462,0.500316510155852,0.03831651015585197
2025-08-06 20:30:00,20,2,8,0,0.448,0.500316510155852,0.05231651015585198
2025-08-06 20:45:00,20,2,8,0,0.444,0.500316510155852,0.056316510155851984
2025-08-06 21:00:00,21,2,8,0,0.39,0.4657989509596992,0.07579895095969919
2025-08-06 21:15:00,21,2,8,0,0.41700000000000004,0.4657989509596992,0.04879895095969916
2025-08-06 21:30:00,21,2,8,0,0.481,0.4657989509596992,0.015201049040300785
2025-08-06 21:45:00,21,2,8,0,0.498,0.4657989509596992,0.0322010490403008
2025-08-06 22:00:00,22,2,8,0,0.489,0.6596605068494726,0.17066050684947265
2025-08-06 22:15:00,22,2,8,0,0.41900000000000004,0.6596605068494726,0.2406605068494726
2025-08-06 22:30:00,22,2,8,0,0.5940000000000001,0.6596605068494726,0.06566050684947256
2025-08-06 22:45:00,22,2,8,0,0.478,0.6596605068494726,0.18166050684947266
2025-08-06 23:00:00,23,2,8,0,0.41500000000000004,0.7295447798744324,0.3145447798744324
2025-08-06 23:15:00,23,2,8,0,0.40900000000000003,0.7295447798744324,0.3205447798744324
2025-08-06 23:30:00,23,2,8,0,0.467,0.7295447798744324,0.2625447798744324
2025-08-06 23:45:00,23,2,8,0,0.42500000000000004,0.7295447798744324,0.3045447798744324
2025-08-07 00:00:00,0,3,8,0,0.42400000000000004,0.5316454865263276,0.10764548652632755
2025-08-07 00:15:00,0,3,8,0,0.41800000000000004,0.5316454865263276,0.11364548652632755
2025-08-07 00:30:00,0,3,8,0,0.387,0.5316454865263276,0.14464548652632758
2025-08-07 00:45:00,0,3,8,0,0.386,0.5316454865263276,0.14564548652632758
2025-08-07 01:00:00,1,3,8,0,0.28900000000000003,0.5128612644282576,0.2238612644282576
2025-08-07 01:15:00,1,3,8,0,0.355,0.5128612644282576,0.15786126442825765
2025-08-07 01:30:00,1,3,8,0,0.474,0.5128612644282576,0.03886126442825766
2025-08-07 01:45:00,1,3,8,0,0.459,0.5128612644282576,0.053861264428257616
2025-08-07 02:00:00,2,3,8,0,0.463,0.5457920331832298,0.08279203318322975
2025-08-07 02:15:00,2,3,8,0,0.464,0.5457920331832298,0.08179203318322975
2025-08-07 02:30:00,2,3,8,0,0.441,0.5457920331832298,0.10479203318322977
2025-08-07 02:45:00,2,3,8,0,0.443,0.5457920331832298,0.10279203318322977
2025-08-07 03:00:00,3,3,8,0,0.439,0.5484795661446893,0.10947956614468929
2025-08-07 03:15:00,3,3,8,0,0.43300000000000005,0.5484795661446893,0.11547956614468924
2025-08-07 03:30:00,3,3,8,0,0.43300000000000005,0.5484795661446893,0.11547956614468924
2025-08-07 03:45:00,3,3,8,0,0.43400000000000005,0.5484795661446893,0.11447956614468924
2025-08-07 04:00:00,4,3,8,0,0.42300000000000004,0.5530604708639202,0.13006047086392014
2025-08-07 04:15:00,4,3,8,0,0.452,0.5530604708639202,0.10106047086392017
2025-08-07 04:30:00,4,3,8,0,0.499,0.5530604708639202,0.054060470863920185
2025-08-07 04:45:00,4,3,8,0,0.47,0.5530604708639202,0.08306047086392021
2025-08-07 05:00:00,5,3,8,0,0.512,0.5458545645625196,0.03385456456251956
2025-08-07 05:15:00,5,3,8,0,0.486,0.5458545645625196,0.059854564562519585
2025-08-07 05:30:00,5,3,8,0,0.42800000000000005,0.5458545645625196,0.11785456456251953
2025-08-07 05:45:00,5,3,8,0,0.43400000000000005,0.5458545645625196,0.11185456456251952
2025-08-07 06:00:00,6,3,8,0,0.479,0.45771642398301765,0.02128357601698233
2025-08-07 06:15:00,6,3,8,0,0.458,0.45771642398301765,0.00028357601698236756
2025-08-07 06:30:00,6,3,8,0,0.42300000000000004,0.45771642398301765,0.03471642398301761
2025-08-07 06:45:00,6,3,8,0,0.42700000000000005,0.45771642398301765,0.030716423983017604
2025-08-07 07:00:00,7,3,8,0,0.41800000000000004,0.35926464719500034,0.058735352804999696
2025-08-07 07:15:00,7,3,8,0,0.382,0.35926464719500034,0.022735352804999664
2025-08-07 07:30:00,7,3,8,0,0.63,0.35926464719500034,0.27073535280499966
2025-08-07 07:45:00,7,3,8,0,0.544,0.35926464719500034,0.1847353528049997
2025-08-07 08:00:00,8,3,8,0,0.357,0.44321314155761776,0.08621314155761778
2025-08-07 08:15:00,8,3,8,0,0.384,0.44321314155761776,0.059213141557617754
2025-08-07 08:30:00,8,3,8,0,0.264,0.44321314155761776,0.17921314155761775
2025-08-07 08:45:00,8,3,8,0,0.264,0.44321314155761776,0.17921314155761775
2025-08-07 09:00:00,9,3,8,0,0.264,0.3461758315003504,0.0821758315003504
2025-08-07 09:15:00,9,3,8,0,0.264,0.3461758315003504,0.0821758315003504
2025-08-07 09:30:00,9,3,8,0,0.264,0.3461758315003504,0.0821758315003504
2025-08-07 09:45:00,9,3,8,0,0.311,0.3461758315003504,0.03517583150035042
2025-08-07 10:00:00,10,3,8,0,0.264,0.3390461437994116,0.0750461437994116
2025-08-07 10:15:00,10,3,8,0,0.264,0.3390461437994116,0.0750461437994116
2025-08-07 10:30:00,10,3,8,0,0.264,0.3390461437994116,0.0750461437994116
2025-08-07 10:45:00,10,3,8,0,0.264,0.3390461437994116,0.0750461437994116
2025-08-07 11:00:00,11,3,8,0,0.264,0.29675686355249475,0.03275686355249474
2025-08-07 11:15:00,11,3,8,0,0.264,0.29675686355249475,0.03275686355249474
2025-08-07 11:30:00,11,3,8,0,0.264,0.29675686355249475,0.03275686355249474
2025-08-07 11:45:00,11,3,8,0,0.264,0.29675686355249475,0.03275686355249474
2025-08-07 12:00:00,12,3,8,0,0.264,0.2964001524229159,0.032400152422915884
2025-08-07 12:15:00,12,3,8,0,0.264,0.2964001524229159,0.032400152422915884
2025-08-07 12:30:00,12,3,8,0,0.264,0.2964001524229159,0.032400152422915884
2025-08-07 12:45:00,12,3,8,0,0.264,0.2964001524229159,0.032400152422915884
2025-08-07 13:00:00,13,3,8,0,0.264,0.3018189109764553,0.03781891097645529
2025-08-07 13:15:00,13,3,8,0,0.264,0.3018189109764553,0.03781891097645529
2025-08-07 13:30:00,13,3,8,0,0.264,0.3018189109764553,0.03781891097645529
2025-08-07 13:45:00,13,3,8,0,0.362,0.3018189109764553,0.06018108902354469
2025-08-07 14:00:00,14,3,8,0,0.534,0.3182401297534563,0.21575987024654375
2025-08-07 14:15:00,14,3,8,0,0.264,0.3182401297534563,0.05424012975345627
2025-08-07 14:30:00,14,3,8,0,0.264,0.3182401297534563,0.05424012975345627
2025-08-07 14:45:00,14,3,8,0,0.264,0.3182401297534563,0.05424012975345627
2025-08-07 15:00:00,15,3,8,0,0.28500000000000003,0.35298209307219247,0.06798209307219244
2025-08-07 15:15:00,15,3,8,0,0.397,0.35298209307219247,0.04401790692780755
2025-08-07 15:30:00,15,3,8,0,0.391,0.35298209307219247,0.03801790692780754
2025-08-07 15:45:00,15,3,8,0,0.40900000000000003,0.35298209307219247,0.05601790692780756
2025-08-07 16:00:00,16,3,8,0,0.41200000000000003,0.34753580351922186,0.06446419648077817
2025-08-07 16:15:00,16,3,8,0,0.40800000000000003,0.34753580351922186,0.060464196480778165
2025-08-07 16:30:00,16,3,8,0,0.41300000000000003,0.34753580351922186,0.06546419648077817
2025-08-07 16:45:00,16,3,8,0,0.41200000000000003,0.34753580351922186,0.06446419648077817
2025-08-07 17:00:00,17,3,8,0,0.40800000000000003,0.3417235884881389,0.06627641151186114
2025-08-07 17:15:00,17,3,8,0,0.398,0.3417235884881389,0.056276411511861135
2025-08-07 17:30:00,17,3,8,0,0.485,0.3417235884881389,0.1432764115118611
2025-08-07 17:45:00,17,3,8,0,0.482,0.3417235884881389,0.1402764115118611
2025-08-07 18:00:00,18,3,8,0,0.396,0.4083603946076901,0.012360394607690062
2025-08-07 18:15:00,18,3,8,0,0.395,0.4083603946076901,0.013360394607690063
2025-08-07 18:30:00,18,3,8,0,0.396,0.4083603946076901,0.012360394607690062
2025-08-07 18:45:00,18,3,8,0,0.42200000000000004,0.4083603946076901,0.013639605392309961
2025-08-07 19:00:00,19,3,8,0,0.623,0.4303175617926958,0.19268243820730419
2025-08-07 19:15:00,19,3,8,0,0.463,0.4303175617926958,0.03268243820730421
2025-08-07 19:30:00,19,3,8,0,0.41300000000000003,0.4303175617926958,0.01731756179269578
2025-08-07 19:45:00,19,3,8,0,0.387,0.4303175617926958,0.0433175617926958
2025-08-07 20:00:00,20,3,8,0,0.392,0.5142852963418372,0.12228529634183716
2025-08-07 20:15:00,20,3,8,0,0.383,0.5142852963418372,0.13128529634183717
2025-08-07 20:30:00,20,3,8,0,0.36,0.5142852963418372,0.15428529634183719
2025-08-07 20:45:00,20,3,8,0,0.39,0.5142852963418372,0.12428529634183716
2025-08-07 21:00:00,21,3,8,0,0.477,0.524570524397001,0.047570524397001046
2025-08-07 21:15:00,21,3,8,0,0.43500000000000005,0.524570524397001,0.08957052439700097
2025-08-07 21:30:00,21,3,8,0,0.474,0.524570524397001,0.05057052439700105
2025-08-07 21:45:00,21,3,8,0,0.46799999999999997,0.524570524397001,0.056570524397001054
2025-08-07 22:00:00,22,3,8,0,0.546,0.6261598383925735,0.08015983839257346
2025-08-07 22:15:00,22,3,8,0,0.473,0.6261598383925735,0.15315983839257352
2025-08-07 22:30:00,22,3,8,0,0.487,0.6261598383925735,0.1391598383925735
2025-08-07 22:45:00,22,3,8,0,0.527,0.6261598383925735,0.09915983839257347
2025-08-07 23:00:00,23,3,8,0,0.527,0.6583088715247388,0.1313088715247388
2025-08-07 23:15:00,23,3,8,0,0.466,0.6583088715247388,0.1923088715247388
2025-08-07 23:30:00,23,3,8,0,0.527,0.6583088715247388,0.1313088715247388
2025-08-07 23:45:00,23,3,8,0,0.443,0.6583088715247388,0.21530887152473882
2025-08-08 00:00:00,0,4,8,0,0.401,0.5244744754942912,0.12347447549429114
2025-08-08 00:15:00,0,4,8,0,0.4,0.5244744754942912,0.12447447549429114
2025-08-08 00:30:00,0,4,8,0,0.401,0.5244744754942912,0.12347447549429114
2025-08-08 00:45:00,0,4,8,0,0.401,0.5244744754942912,0.12347447549429114
2025-08-08 01:00:00,1,4,8,0,0.456,0.5088970264550265,0.05289702645502653
2025-08-08 01:15:00,1,4,8,0,0.522,0.5088970264550265,0.013102973544973473
2025-08-08 01:30:00,1,4,8,0,0.521,0.5088970264550265,0.012102973544973472
2025-08-08 01:45:00,1,4,8,0,0.495,0.5088970264550265,0.013897026455026551
2025-08-08 02:00:00,2,4,8,0,0.47,0.5340748835978838,0.06407488359788382
2025-08-08 02:15:00,2,4,8,0,0.375,0.5340748835978838,0.1590748835978838
2025-08-08 02:30:00,2,4,8,0,0.373,0.5340748835978838,0.1610748835978838
2025-08-08 02:45:00,2,4,8,0,0.354,0.5340748835978838,0.18007488359788382
2025-08-08 03:00:00,3,4,8,0,0.334,0.5360866746031745,0.20208667460317448
2025-08-08 03:15:00,3,4,8,0,0.363,0.5360866746031745,0.1730866746031745
2025-08-08 03:30:00,3,4,8,0,0.372,0.5360866746031745,0.1640866746031745
2025-08-08 03:45:00,3,4,8,0,0.372,0.5360866746031745,0.1640866746031745
2025-08-08 04:00:00,4,4,8,0,0.37,0.5394053893557423,0.16940538935574234
2025-08-08 04:15:00,4,4,8,0,0.333,0.5394053893557423,0.20640538935574232
2025-08-08 04:30:00,4,4,8,0,0.337,0.5394053893557423,0.20240538935574232
2025-08-08 04:45:00,4,4,8,0,0.374,0.5394053893557423,0.16540538935574234
2025-08-08 05:00:00,5,4,8,0,0.374,0.5325328974266476,0.15853289742664756
2025-08-08 05:15:00,5,4,8,0,0.373,0.5325328974266476,0.15953289742664756
2025-08-08 05:30:00,5,4,8,0,0.34900000000000003,0.5325328974266476,0.18353289742664752
2025-08-08 05:45:00,5,4,8,0,0.333,0.5325328974266476,0.19953289742664754
2025-08-08 06:00:00,6,4,8,0,0.35,0.44348375132275125,0.09348375132275127
2025-08-08 06:15:00,6,4,8,0,0.34700000000000003,0.44348375132275125,0.09648375132275122
2025-08-08 06:30:00,6,4,8,0,0.442,0.44348375132275125,0.0014837513227512478
2025-08-08 06:45:00,6,4,8,0,0.632,0.44348375132275125,0.18851624867724875
2025-08-08 07:00:00,7,4,8,0,0.615,0.33923425661375667,0.2757657433862433
2025-08-08 07:15:00,7,4,8,0,0.603,0.33923425661375667,0.2637657433862433
2025-08-08 07:30:00,7,4,8,0,0.486,0.33923425661375667,0.14676574338624332
2025-08-08 07:45:00,7,4,8,0,0.44,0.33923425661375667,0.10076574338624333
2025-08-08 08:00:00,8,4,8,0,0.527,0.43486113456893927,0.09213886543106076
2025-08-08 08:15:00,8,4,8,0,0.49,0.43486113456893927,0.055138865431060724
2025-08-08 08:30:00,8,4,8,0,0.356,0.43486113456893927,0.07886113456893928
2025-08-08 08:45:00,8,4,8,0,0.37,0.43486113456893927,0.06486113456893927
2025-08-08 09:00:00,9,4,8,0,0.5780000000000001,0.31457658544933853,0.26342341455066154
2025-08-08 09:15:00,9,4,8,0,0.558,0.31457658544933853,0.24342341455066152
2025-08-08 09:30:00,9,4,8,0,0.309,0.31457658544933853,0.005576585449338534
2025-08-08 09:45:00,9,4,8,0,0.328,0.31457658544933853,0.013423414550661483
2025-08-08 10:00:00,10,4,8,0,0.29500000000000004,0.3090567168555974,0.01405671685559734
2025-08-08 10:15:00,10,4,8,0,0.372,0.3090567168555974,0.06294328314440262
2025-08-08 10:30:00,10,4,8,0,0.502,0.3090567168555974,0.19294328314440262
2025-08-08 10:45:00,10,4,8,0,0.42500000000000004,0.3090567168555974,0.11594328314440266
2025-08-08 11:00:00,11,4,8,0,0.311,0.29791019024516163,0.013089809754838366
2025-08-08 11:15:00,11,4,8,0,0.41200000000000003,0.29791019024516163,0.1140898097548384
2025-08-08 11:30:00,11,4,8,0,0.323,0.29791019024516163,0.025089809754838377
2025-08-08 11:45:00,11,4,8,0,0.38,0.29791019024516163,0.08208980975483837
2025-08-08 12:00:00,12,4,8,0,0.385,0.29755347911558283,0.08744652088441718
2025-08-08 12:15:00,12,4,8,0,0.393,0.29755347911558283,0.09544652088441719
2025-08-08 12:30:00,12,4,8,0,0.41700000000000004,0.29755347911558283,0.1194465208844172
2025-08-08 12:45:00,12,4,8,0,0.351,0.29755347911558283,0.05344652088441715
2025-08-08 13:00:00,13,4,8,0,0.34,0.3029722376691222,0.037027762330877845
2025-08-08 13:15:00,13,4,8,0,0.29100000000000004,0.3029722376691222,0.011972237669122143
2025-08-08 13:30:00,13,4,8,0,0.34400000000000003,0.3029722376691222,0.04102776233087785
2025-08-08 13:45:00,13,4,8,0,0.264,0.3029722376691222,0.03897223766912217
2025-08-08 14:00:00,14,4,8,0,0.264,0.3193934564461231,0.05539345644612309
2025-08-08 14:15:00,14,4,8,0,0.306,0.3193934564461231,0.013393456446123109
2025-08-08 14:30:00,14,4,8,0,0.43200000000000005,0.3193934564461231,0.11260654355387695
2025-08-08 14:45:00,14,4,8,0,0.264,0.3193934564461231,0.05539345644612309
2025-08-08 15:00:00,15,4,8,0,0.264,0.35457096706696417,0.09057096706696416
2025-08-08 15:15:00,15,4,8,0,0.279,0.35457096706696417,0.07557096706696415
2025-08-08 15:30:00,15,4,8,0,0.28300000000000003,0.35457096706696417,0.07157096706696414
2025-08-08 15:45:00,15,4,8,0,0.369,0.35457096706696417,0.014429032933035824
2025-08-08 16:00:00,16,4,8,0,0.41900000000000004,0.3566374494158219,0.06236255058417811
2025-08-08 16:15:00,16,4,8,0,0.359,0.3566374494158219,0.002362550584178058
2025-08-08 16:30:00,16,4,8,0,0.29900000000000004,0.3566374494158219,0.057637449415821884
2025-08-08 16:45:00,16,4,8,0,0.373,0.3566374494158219,0.01636255058417807
2025-08-08 17:00:00,17,4,8,0,0.367,0.335934793982969,0.031065206017031
2025-08-08 17:15:00,17,4,8,0,0.36,0.335934793982969,0.024065206017030993
2025-08-08 17:30:00,17,4,8,0,0.34400000000000003,0.335934793982969,0.008065206017031035
2025-08-08 17:45:00,17,4,8,0,0.34500000000000003,0.335934793982969,0.009065206017031036
2025-08-08 18:00:00,18,4,8,0,0.34900000000000003,0.41946381905495855,0.07046381905495852
2025-08-08 18:15:00,18,4,8,0,0.323,0.41946381905495855,0.09646381905495854
2025-08-08 18:30:00,18,4,8,0,0.387,0.41946381905495855,0.03246381905495854
2025-08-08 18:45:00,18,4,8,0,0.54,0.41946381905495855,0.12053618094504148
2025-08-08 19:00:00,19,4,8,0,0.542,0.4731909313057461,0.06880906869425396
2025-08-08 19:15:00,19,4,8,0,0.455,0.4731909313057461,0.01819093130574606
2025-08-08 19:30:00,19,4,8,0,0.41900000000000004,0.4731909313057461,0.05419093130574604
2025-08-08 19:45:00,19,4,8,0,0.41900000000000004,0.4731909313057461,0.05419093130574604
2025-08-08 20:00:00,20,4,8,0,0.41800000000000004,0.4818698974486502,0.06386989744865018
2025-08-08 20:15:00,20,4,8,0,0.4,0.4818698974486502,0.0818698974486502
2025-08-08 20:30:00,20,4,8,0,0.38,0.4818698974486502,0.10186989744865022
2025-08-08 20:45:00,20,4,8,0,0.379,0.4818698974486502,0.10286989744865022
2025-08-08 21:00:00,21,4,8,0,0.373,0.5393933873791069,0.16639338737910692
2025-08-08 21:15:00,21,4,8,0,0.41300000000000003,0.5393933873791069,0.12639338737910688
2025-08-08 21:30:00,21,4,8,0,0.495,0.5393933873791069,0.04439338737910692
2025-08-08 21:45:00,21,4,8,0,0.456,0.5393933873791069,0.0833933873791069
2025-08-08 22:00:00,22,4,8,0,0.443,0.6909434013285863,0.24794340132858633
2025-08-08 22:15:00,22,4,8,0,0.504,0.6909434013285863,0.18694340132858633
2025-08-08 22:30:00,22,4,8,0,0.466,0.6909434013285863,0.2249434013285863
2025-08-08 22:45:00,22,4,8,0,0.463,0.6909434013285863,0.22794340132858631
2025-08-08 23:00:00,23,4,8,0,0.448,0.7157982686297161,0.26779826862971606
2025-08-08 23:15:00,23,4,8,0,0.533,0.7157982686297161,0.18279826862971604
2025-08-08 23:30:00,23,4,8,0,0.44,0.7157982686297161,0.27579826862971607
2025-08-08 23:45:00,23,4,8,0,0.41300000000000003,0.7157982686297161,0.30279826862971604
2025-08-09 00:00:00,0,5,8,1,0.503,0.5325624085630742,0.02956240856307424
2025-08-09 00:15:00,0,5,8,1,0.53,0.5325624085630742,0.0025624085630742144
2025-08-09 00:30:00,0,5,8,1,0.442,0.5325624085630742,0.09056240856307424
2025-08-09 00:45:00,0,5,8,1,0.445,0.5325624085630742,0.08756240856307423
2025-08-09 01:00:00,1,5,8,1,0.442,0.5149542066082066,0.07295420660820656
2025-08-09 01:15:00,1,5,8,1,0.406,0.5149542066082066,0.10895420660820654
2025-08-09 01:30:00,1,5,8,1,0.404,0.5149542066082066,0.11095420660820654
2025-08-09 01:45:00,1,5,8,1,0.439,0.5149542066082066,0.07595420660820656
2025-08-09 02:00:00,2,5,8,1,0.44,0.5414063106800608,0.10140631068006084
2025-08-09 02:15:00,2,5,8,1,0.44,0.5414063106800608,0.10140631068006084
2025-08-09 02:30:00,2,5,8,1,0.41600000000000004,0.5414063106800608,0.1254063106800608
2025-08-09 02:45:00,2,5,8,1,0.402,0.5414063106800608,0.13940631068006082
2025-08-09 03:00:00,3,5,8,1,0.42500000000000004,0.5475947602219375,0.1225947602219375
2025-08-09 03:15:00,3,5,8,1,0.437,0.5475947602219375,0.11059476022193754
2025-08-09 03:30:00,3,5,8,1,0.42000000000000004,0.5475947602219375,0.1275947602219375
2025-08-09 03:45:00,3,5,8,1,0.406,0.5475947602219375,0.1415947602219375
2025-08-09 04:00:00,4,5,8,1,0.374,0.5480241877039772,0.1740241877039772
2025-08-09 04:15:00,4,5,8,1,0.377,0.5480241877039772,0.1710241877039772
2025-08-09 04:30:00,4,5,8,1,0.41400000000000003,0.5480241877039772,0.13402418770397717
2025-08-09 04:45:00,4,5,8,1,0.41400000000000003,0.5480241877039772,0.13402418770397717
2025-08-09 05:00:00,5,5,8,1,0.41400000000000003,0.49363268156227774,0.07963268156227771
2025-08-09 05:15:00,5,5,8,1,0.375,0.49363268156227774,0.11863268156227774
2025-08-09 05:30:00,5,5,8,1,0.373,0.49363268156227774,0.12063268156227774
2025-08-09 05:45:00,5,5,8,1,0.40800000000000003,0.49363268156227774,0.08563268156227771
2025-08-09 06:00:00,6,5,8,1,0.41300000000000003,0.4598310046411831,0.04683100464118306
2025-08-09 06:15:00,6,5,8,1,0.41500000000000004,0.4598310046411831,0.04483100464118306
2025-08-09 06:30:00,6,5,8,1,0.391,0.4598310046411831,0.06883100464118308
2025-08-09 06:45:00,6,5,8,1,0.383,0.4598310046411831,0.07683100464118309
2025-08-09 07:00:00,7,5,8,1,0.41100000000000003,0.3577034606932606,0.05329653930673944
2025-08-09 07:15:00,7,5,8,1,0.41000000000000003,0.3577034606932606,0.05229653930673944
2025-08-09 07:30:00,7,5,8,1,0.652,0.3577034606932606,0.29429653930673944
2025-08-09 07:45:00,7,5,8,1,0.671,0.3577034606932606,0.31329653930673945
2025-08-09 08:00:00,8,5,8,1,0.499,0.4374885160410001,0.06151148395899991
2025-08-09 08:15:00,8,5,8,1,0.389,0.4374885160410001,0.048488516041000074
2025-08-09 08:30:00,8,5,8,1,0.328,0.4374885160410001,0.10948851604100007
2025-08-09 08:45:00,8,5,8,1,0.41200000000000003,0.4374885160410001,0.025488516041000053
2025-08-09 09:00:00,9,5,8,1,0.352,0.3221077900333273,0.02989220996667269
2025-08-09 09:15:00,9,5,8,1,0.449,0.3221077900333273,0.12689220996667272
2025-08-09 09:30:00,9,5,8,1,0.445,0.3221077900333273,0.12289220996667272
2025-08-09 09:45:00,9,5,8,1,0.623,0.3221077900333273,0.3008922099666727
2025-08-09 10:00:00,10,5,8,1,0.5860000000000001,0.3164922792741052,0.26950772072589485
2025-08-09 10:15:00,10,5,8,1,0.49,0.3164922792741052,0.17350772072589477
2025-08-09 10:30:00,10,5,8,1,0.543,0.3164922792741052,0.2265077207258948
2025-08-09 10:45:00,10,5,8,1,0.387,0.3164922792741052,0.07050772072589478
2025-08-09 11:00:00,11,5,8,1,0.369,0.28638615676179424,0.08261384323820575
2025-08-09 11:15:00,11,5,8,1,0.368,0.28638615676179424,0.08161384323820575
2025-08-09 11:30:00,11,5,8,1,0.304,0.28638615676179424,0.01761384323820575
2025-08-09 11:45:00,11,5,8,1,0.364,0.28638615676179424,0.07761384323820575
2025-08-09 12:00:00,12,5,8,1,0.28400000000000003,0.28618103010424323,0.002181030104243198
2025-08-09 12:15:00,12,5,8,1,0.264,0.28618103010424323,0.022181030104243216
2025-08-09 12:30:00,12,5,8,1,0.264,0.28618103010424323,0.022181030104243216
2025-08-09 12:45:00,12,5,8,1,0.264,0.28618103010424323,0.022181030104243216
2025-08-09 13:00:00,13,5,8,1,0.264,0.2920302760898038,0.028030276089803796
2025-08-09 13:15:00,13,5,8,1,0.264,0.2920302760898038,0.028030276089803796
2025-08-09 13:30:00,13,5,8,1,0.264,0.2920302760898038,0.028030276089803796
2025-08-09 13:45:00,13,5,8,1,0.264,0.2920302760898038,0.028030276089803796
2025-08-09 14:00:00,14,5,8,1,0.264,0.3101108323841114,0.0461108323841114
2025-08-09 14:15:00,14,5,8,1,0.264,0.3101108323841114,0.0461108323841114
2025-08-09 14:30:00,14,5,8,1,0.264,0.3101108323841114,0.0461108323841114
2025-08-09 14:45:00,14,5,8,1,0.264,0.3101108323841114,0.0461108323841114
2025-08-09 15:00:00,15,5,8,1,0.264,0.3333442516536975,0.06934425165369751
2025-08-09 15:15:00,15,5,8,1,0.264,0.3333442516536975,0.06934425165369751
2025-08-09 15:30:00,15,5,8,1,0.264,0.3333442516536975,0.06934425165369751
2025-08-09 15:45:00,15,5,8,1,0.264,0.3333442516536975,0.06934425165369751
2025-08-09 16:00:00,16,5,8,1,0.264,0.32140813795544376,0.05740813795544375
2025-08-09 16:15:00,16,5,8,1,0.29100000000000004,0.32140813795544376,0.030408137955443726
2025-08-09 16:30:00,16,5,8,1,0.264,0.32140813795544376,0.05740813795544375
2025-08-09 16:45:00,16,5,8,1,0.264,0.32140813795544376,0.05740813795544375
2025-08-09 17:00:00,17,5,8,1,0.264,0.3308209524398137,0.06682095243981367
2025-08-09 17:15:00,17,5,8,1,0.29700000000000004,0.3308209524398137,0.033820952439813645
2025-08-09 17:30:00,17,5,8,1,0.438,0.3308209524398137,0.10717904756018631
2025-08-09 17:45:00,17,5,8,1,0.395,0.3308209524398137,0.06417904756018633
2025-08-09 18:00:00,18,5,8,1,0.675,0.37295528659056104,0.302044713409439
2025-08-09 18:15:00,18,5,8,1,0.508,0.37295528659056104,0.13504471340943897
2025-08-09 18:30:00,18,5,8,1,0.4,0.37295528659056104,0.02704471340943898
2025-08-09 18:45:00,18,5,8,1,0.41000000000000003,0.37295528659056104,0.03704471340943899
2025-08-09 19:00:00,19,5,8,1,0.396,0.396190106656986,0.00019010665698598883
2025-08-09 19:15:00,19,5,8,1,0.385,0.396190106656986,0.011190106656985999
2025-08-09 19:30:00,19,5,8,1,0.389,0.396190106656986,0.007190106656985995
2025-08-09 19:45:00,19,5,8,1,0.38,0.396190106656986,0.016190106656986003
2025-08-09 20:00:00,20,5,8,1,0.396,0.45733205889101713,0.061332058891017116
2025-08-09 20:15:00,20,5,8,1,0.401,0.45733205889101713,0.05633205889101711
2025-08-09 20:30:00,20,5,8,1,0.42600000000000005,0.45733205889101713,0.03133205889101709
2025-08-09 20:45:00,20,5,8,1,0.41500000000000004,0.45733205889101713,0.0423320588910171
2025-08-09 21:00:00,21,5,8,1,0.42200000000000004,0.5851080672316525,0.1631080672316525
2025-08-09 21:15:00,21,5,8,1,0.442,0.5851080672316525,0.14310806723165254
2025-08-09 21:30:00,21,5,8,1,0.507,0.5851080672316525,0.07810806723165253
2025-08-09 21:45:00,21,5,8,1,0.465,0.5851080672316525,0.12010806723165252
2025-08-09 22:00:00,22,5,8,1,0.452,0.6045391936570356,0.15253919365703555
2025-08-09 22:15:00,22,5,8,1,0.441,0.6045391936570356,0.16353919365703556
2025-08-09 22:30:00,22,5,8,1,0.448,0.6045391936570356,0.15653919365703556
2025-08-09 22:45:00,22,5,8,1,0.447,0.6045391936570356,0.15753919365703556
2025-08-09 23:00:00,23,5,8,1,0.638,0.6676901292859437,0.029690129285943723
2025-08-09 23:15:00,23,5,8,1,0.542,0.6676901292859437,0.1256901292859437
2025-08-09 23:30:00,23,5,8,1,0.43300000000000005,0.6676901292859437,0.23469012928594368
2025-08-09 23:45:00,23,5,8,1,0.46799999999999997,0.6676901292859437,0.19969012928594376
2025-08-10 00:00:00,0,6,8,1,0.403,0.5216662871270169,0.11866628712701688
2025-08-10 00:15:00,0,6,8,1,0.443,0.5216662871270169,0.0786662871270169
2025-08-10 00:30:00,0,6,8,1,0.377,0.5216662871270169,0.1446662871270169
2025-08-10 00:45:00,0,6,8,1,0.405,0.5216662871270169,0.11666628712701688
2025-08-10 01:00:00,1,6,8,1,0.405,0.5359687902843918,0.1309687902843918
2025-08-10 01:15:00,1,6,8,1,0.51,0.5359687902843918,0.025968790284391807
2025-08-10 01:30:00,1,6,8,1,0.5,0.5359687902843918,0.035968790284391816
2025-08-10 01:45:00,1,6,8,1,0.474,0.5359687902843918,0.06196879028439184
2025-08-10 02:00:00,2,6,8,1,0.383,0.5468896876349988,0.16388968763499878
2025-08-10 02:15:00,2,6,8,1,0.4,0.5468896876349988,0.14688968763499877
2025-08-10 02:30:00,2,6,8,1,0.40900000000000003,0.5468896876349988,0.13788968763499876
2025-08-10 02:45:00,2,6,8,1,0.40900000000000003,0.5468896876349988,0.13788968763499876
2025-08-10 03:00:00,3,6,8,1,0.382,0.5500239356399531,0.1680239356399531
2025-08-10 03:15:00,3,6,8,1,0.377,0.5500239356399531,0.1730239356399531
2025-08-10 03:30:00,3,6,8,1,0.405,0.5500239356399531,0.14502393563995308
2025-08-10 03:45:00,3,6,8,1,0.41000000000000003,0.5500239356399531,0.14002393563995308
2025-08-10 04:00:00,4,6,8,1,0.40700000000000003,0.5393915072396033,0.13239150723960325
2025-08-10 04:15:00,4,6,8,1,0.375,0.5393915072396033,0.16439150723960327
2025-08-10 04:30:00,4,6,8,1,0.374,0.5393915072396033,0.16539150723960327
2025-08-10 04:45:00,4,6,8,1,0.406,0.5393915072396033,0.13339150723960325
2025-08-10 05:00:00,5,6,8,1,0.40800000000000003,0.547459265102815,0.13945926510281492
2025-08-10 05:15:00,5,6,8,1,0.398,0.547459265102815,0.14945926510281493
2025-08-10 05:30:00,5,6,8,1,0.375,0.547459265102815,0.17245926510281495
2025-08-10 05:45:00,5,6,8,1,0.378,0.547459265102815,0.16945926510281495
2025-08-10 06:00:00,6,6,8,1,0.41300000000000003,0.4644182832321122,0.05141828323211217
2025-08-10 06:15:00,6,6,8,1,0.398,0.4644182832321122,0.06641828323211219
2025-08-10 06:30:00,6,6,8,1,0.366,0.4644182832321122,0.09841828323211221
2025-08-10 06:45:00,6,6,8,1,0.5609999999999999,0.4644182832321122,0.09658171676788774
2025-08-10 07:00:00,7,6,8,1,0.336,0.3856683573591486,0.049668357359148596
2025-08-10 07:15:00,7,6,8,1,0.276,0.3856683573591486,0.1096683573591486
2025-08-10 07:30:00,7,6,8,1,0.312,0.3856683573591486,0.07366835735914862
2025-08-10 07:45:00,7,6,8,1,0.355,0.3856683573591486,0.030668357359148635
2025-08-10 08:00:00,8,6,8,1,0.41100000000000003,0.40846873943242834,0.0025312605675716915
2025-08-10 08:15:00,8,6,8,1,0.404,0.40846873943242834,0.004468739432428315
2025-08-10 08:30:00,8,6,8,1,0.264,0.40846873943242834,0.14446873943242833
2025-08-10 08:45:00,8,6,8,1,0.28800000000000003,0.40846873943242834,0.1204687394324283
2025-08-10 09:00:00,9,6,8,1,0.364,0.32849676653702453,0.03550323346297546
2025-08-10 09:15:00,9,6,8,1,0.334,0.32849676653702453,0.0055032334629754875
2025-08-10 09:30:00,9,6,8,1,0.264,0.32849676653702453,0.06449676653702452
2025-08-10 09:45:00,9,6,8,1,0.33,0.32849676653702453,0.001503233462975484
2025-08-10 10:00:00,10,6,8,1,0.264,0.34404908319082617,0.08004908319082615
2025-08-10 10:15:00,10,6,8,1,0.306,0.34404908319082617,0.03804908319082617
2025-08-10 10:30:00,10,6,8,1,0.264,0.34404908319082617,0.08004908319082615
2025-08-10 10:45:00,10,6,8,1,0.264,0.34404908319082617,0.08004908319082615
2025-08-10 11:00:00,11,6,8,1,0.28600000000000003,0.29017818943528134,0.00417818943528131
2025-08-10 11:15:00,11,6,8,1,0.279,0.29017818943528134,0.011178189435281316
2025-08-10 11:30:00,11,6,8,1,0.264,0.29017818943528134,0.02617818943528133
2025-08-10 11:45:00,11,6,8,1,0.264,0.29017818943528134,0.02617818943528133
2025-08-10 12:00:00,12,6,8,1,0.264,0.290043605129903,0.026043605129903002
2025-08-10 12:15:00,12,6,8,1,0.342,0.290043605129903,0.05195639487009701
2025-08-10 12:30:00,12,6,8,1,0.502,0.290043605129903,0.211956394870097
2025-08-10 12:45:00,12,6,8,1,0.31,0.290043605129903,0.019956394870096983
2025-08-10 13:00:00,13,6,8,1,0.264,0.29798919696106974,0.03398919696106972
2025-08-10 13:15:00,13,6,8,1,0.264,0.29798919696106974,0.03398919696106972
2025-08-10 13:30:00,13,6,8,1,0.28,0.29798919696106974,0.01798919696106971
2025-08-10 13:45:00,13,6,8,1,0.264,0.29798919696106974,0.03398919696106972
2025-08-10 14:00:00,14,6,8,1,0.264,0.32683168282953606,0.06283168282953605
2025-08-10 14:15:00,14,6,8,1,0.302,0.32683168282953606,0.024831682829536073
2025-08-10 14:30:00,14,6,8,1,0.278,0.32683168282953606,0.04883168282953604
2025-08-10 14:45:00,14,6,8,1,0.264,0.32683168282953606,0.06283168282953605
2025-08-10 15:00:00,15,6,8,1,0.264,0.3413265343993049,0.07732653439930487
2025-08-10 15:15:00,15,6,8,1,0.264,0.3413265343993049,0.07732653439930487
2025-08-10 15:30:00,15,6,8,1,0.264,0.3413265343993049,0.07732653439930487
2025-08-10 15:45:00,15,6,8,1,0.264,0.3413265343993049,0.07732653439930487
2025-08-10 16:00:00,16,6,8,1,0.29300000000000004,0.3550176048759026,0.06201760487590258
2025-08-10 16:15:00,16,6,8,1,0.28,0.3550176048759026,0.07501760487590259
2025-08-10 16:30:00,16,6,8,1,0.264,0.3550176048759026,0.0910176048759026
2025-08-10 16:45:00,16,6,8,1,0.264,0.3550176048759026,0.0910176048759026
2025-08-10 17:00:00,17,6,8,1,0.264,0.37496189771219735,0.11096189771219733
2025-08-10 17:15:00,17,6,8,1,0.314,0.37496189771219735,0.060961897712197344
2025-08-10 17:30:00,17,6,8,1,0.364,0.37496189771219735,0.010961897712197355
2025-08-10 17:45:00,17,6,8,1,0.352,0.37496189771219735,0.022961897712197366
2025-08-10 18:00:00,18,6,8,1,0.392,0.4526607575561155,0.0606607575561155
2025-08-10 18:15:00,18,6,8,1,0.43200000000000005,0.4526607575561155,0.02066075755611546
2025-08-10 18:30:00,18,6,8,1,0.453,0.4526607575561155,0.0003392424438845021
2025-08-10 18:45:00,18,6,8,1,0.61,0.4526607575561155,0.15733924244388447
2025-08-10 19:00:00,19,6,8,1,0.448,0.42254265786853523,0.025457342131464777
2025-08-10 19:15:00,19,6,8,1,0.42100000000000004,0.42254265786853523,0.001542657868535191
2025-08-10 19:30:00,19,6,8,1,0.465,0.42254265786853523,0.04245734213146479
2025-08-10 19:45:00,19,6,8,1,0.495,0.42254265786853523,0.07245734213146476
2025-08-10 20:00:00,20,6,8,1,0.5720000000000001,0.4892677104454461,0.08273228955455397
2025-08-10 20:15:00,20,6,8,1,0.436,0.4892677104454461,0.05326771044544609
2025-08-10 20:30:00,20,6,8,1,0.445,0.4892677104454461,0.044267710445446085
2025-08-10 20:45:00,20,6,8,1,0.439,0.4892677104454461,0.05026771044544609
2025-08-10 21:00:00,21,6,8,1,0.451,0.44643087627070305,0.004569123729296964
2025-08-10 21:15:00,21,6,8,1,0.451,0.44643087627070305,0.004569123729296964
2025-08-10 21:30:00,21,6,8,1,0.528,0.44643087627070305,0.08156912372929698
2025-08-10 21:45:00,21,6,8,1,0.712,0.44643087627070305,0.2655691237292969
2025-08-10 22:00:00,22,6,8,1,0.898,0.5736111915386326,0.3243888084613674
2025-08-10 22:15:00,22,6,8,1,0.6970000000000001,0.5736111915386326,0.12338880846136746
2025-08-10 22:30:00,22,6,8,1,0.73,0.5736111915386326,0.15638880846136738
2025-08-10 22:45:00,22,6,8,1,0.685,0.5736111915386326,0.11138880846136745
2025-08-10 23:00:00,23,6,8,1,0.628,0.6182965347853329,0.00970346521466714
2025-08-10 23:15:00,23,6,8,1,0.655,0.6182965347853329,0.036703465214667164
2025-08-10 23:30:00,23,6,8,1,0.629,0.6182965347853329,0.01070346521466714
2025-08-10 23:45:00,23,6,8,1,0.611,0.6182965347853329,0.0072965347853328755
2025-08-11 00:00:00,0,0,8,0,0.545,0.5528411823033856,0.007841182303385597
2025-08-11 00:15:00,0,0,8,0,0.644,0.5528411823033856,0.09115881769661438
2025-08-11 00:30:00,0,0,8,0,0.6759999999999999,0.5528411823033856,0.1231588176966143
2025-08-11 00:45:00,0,0,8,0,0.6890000000000001,0.5528411823033856,0.13615881769661442
2025-08-11 01:00:00,1,0,8,0,0.6779999999999999,0.5445685741456762,0.13343142585432377
2025-08-11 01:15:00,1,0,8,0,0.6739999999999999,0.5445685741456762,0.12943142585432377
2025-08-11 01:30:00,1,0,8,0,0.5920000000000001,0.5445685741456762,0.047431425854323916
2025-08-11 01:45:00,1,0,8,0,0.5920000000000001,0.5445685741456762,0.047431425854323916
2025-08-11 02:00:00,2,0,8,0,0.5489999999999999,0.5610693613904599,0.012069361390459998
2025-08-11 02:15:00,2,0,8,0,0.5780000000000001,0.5610693613904599,0.01693063860954014
2025-08-11 02:30:00,2,0,8,0,0.506,0.5610693613904599,0.055069361390459926
2025-08-11 02:45:00,2,0,8,0,0.548,0.5610693613904599,0.013069361390459888
2025-08-11 03:00:00,3,0,8,0,0.538,0.5559829716547194,0.017982971654719404
2025-08-11 03:15:00,3,0,8,0,0.56,0.5559829716547194,0.0040170283452806155
2025-08-11 03:30:00,3,0,8,0,0.529,0.5559829716547194,0.026982971654719412
2025-08-11 03:45:00,3,0,8,0,0.52,0.5559829716547194,0.03598297165471942
2025-08-11 04:00:00,4,0,8,0,0.501,0.5462466884018735,0.045246688401873514
2025-08-11 04:15:00,4,0,8,0,0.5509999999999999,0.5462466884018735,0.00475331159812642
2025-08-11 04:30:00,4,0,8,0,0.538,0.5462466884018735,0.008246688401873481
2025-08-11 04:45:00,4,0,8,0,0.535,0.5462466884018735,0.011246688401873484
2025-08-11 05:00:00,5,0,8,0,0.542,0.561027708664401,0.019027708664400955
2025-08-11 05:15:00,5,0,8,0,0.526,0.561027708664401,0.03502770866440097
2025-08-11 05:30:00,5,0,8,0,0.5569999999999999,0.561027708664401,0.004027708664401053
2025-08-11 05:45:00,5,0,8,0,0.534,0.561027708664401,0.027027708664400962
2025-08-11 06:00:00,6,0,8,0,0.543,0.47372322642197434,0.0692767735780257
2025-08-11 06:15:00,6,0,8,0,0.546,0.47372322642197434,0.0722767735780257
2025-08-11 06:30:00,6,0,8,0,0.46799999999999997,0.47372322642197434,0.00572322642197437
2025-08-11 06:45:00,6,0,8,0,0.659,0.47372322642197434,0.1852767735780257
2025-08-11 07:00:00,7,0,8,0,0.5760000000000001,0.394346144664738,0.18165385533526207
2025-08-11 07:15:00,7,0,8,0,0.764,0.394346144664738,0.369653855335262
2025-08-11 07:30:00,7,0,8,0,0.884,0.394346144664738,0.489653855335262
2025-08-11 07:45:00,7,0,8,0,0.642,0.394346144664738,0.24765385533526202
2025-08-11 08:00:00,8,0,8,0,0.523,0.3293465284329747,0.19365347156702534
2025-08-11 08:15:00,8,0,8,0,0.492,0.3293465284329747,0.1626534715670253
2025-08-11 08:30:00,8,0,8,0,0.43200000000000005,0.3293465284329747,0.10265347156702537
2025-08-11 08:45:00,8,0,8,0,0.502,0.3293465284329747,0.17265347156702532
2025-08-11 09:00:00,9,0,8,0,0.445,0.3476303477030985,0.09736965229690153
2025-08-11 09:15:00,9,0,8,0,0.591,0.3476303477030985,0.2433696522969015
2025-08-11 09:30:00,9,0,8,0,0.645,0.3476303477030985,0.29736965229690154
2025-08-11 09:45:00,9,0,8,0,0.6000000000000001,0.3476303477030985,0.2523696522969016
2025-08-11 10:00:00,10,0,8,0,0.636,0.33659651927376555,0.29940348072623446
2025-08-11 10:15:00,10,0,8,0,0.534,0.33659651927376555,0.19740348072623448
2025-08-11 10:30:00,10,0,8,0,0.42800000000000005,0.33659651927376555,0.0914034807262345
2025-08-11 10:45:00,10,0,8,0,0.503,0.33659651927376555,0.16640348072623445
2025-08-11 11:00:00,11,0,8,0,0.506,0.28749929247751277,0.21850070752248724
2025-08-11 11:15:00,11,0,8,0,0.532,0.28749929247751277,0.24450070752248726
2025-08-11 11:30:00,11,0,8,0,0.42100000000000004,0.28749929247751277,0.13350070752248727
2025-08-11 11:45:00,11,0,8,0,0.472,0.28749929247751277,0.1845007075224872
2025-08-11 12:00:00,12,0,8,0,0.546,0.2873091042306536,0.25869089576934645
2025-08-11 12:15:00,12,0,8,0,0.382,0.2873091042306536,0.09469089576934642
2025-08-11 12:30:00,12,0,8,0,0.372,0.2873091042306536,0.08469089576934641
2025-08-11 12:45:00,12,0,8,0,0.373,0.2873091042306536,0.08569089576934641
2025-08-11 13:00:00,13,0,8,0,0.373,0.2916857273482884,0.0813142726517116
2025-08-11 13:15:00,13,0,8,0,0.459,0.2916857273482884,0.16731427265171162
2025-08-11 13:30:00,13,0,8,0,0.625,0.2916857273482884,0.3333142726517116
2025-08-11 13:45:00,13,0,8,0,0.619,0.2916857273482884,0.3273142726517116
2025-08-11 14:00:00,14,0,8,0,0.486,0.3056553920760129,0.1803446079239871
2025-08-11 14:15:00,14,0,8,0,0.436,0.3056553920760129,0.1303446079239871
2025-08-11 14:30:00,14,0,8,0,0.41100000000000003,0.3056553920760129,0.10534460792398714
2025-08-11 14:45:00,14,0,8,0,0.437,0.3056553920760129,0.1313446079239871
2025-08-11 15:00:00,15,0,8,0,0.462,0.34351306092081546,0.11848693907918456
2025-08-11 15:15:00,15,0,8,0,0.41100000000000003,0.34351306092081546,0.06748693907918457
2025-08-11 15:30:00,15,0,8,0,0.43300000000000005,0.34351306092081546,0.08948693907918459
2025-08-11 15:45:00,15,0,8,0,0.42700000000000005,0.34351306092081546,0.08348693907918459
2025-08-11 16:00:00,16,0,8,0,0.42000000000000004,0.34490472937016764,0.0750952706298324
2025-08-11 16:15:00,16,0,8,0,0.441,0.34490472937016764,0.09609527062983236
2025-08-11 16:30:00,16,0,8,0,0.42100000000000004,0.34490472937016764,0.0760952706298324
2025-08-11 16:45:00,16,0,8,0,0.397,0.34490472937016764,0.05209527062983238
2025-08-11 17:00:00,17,0,8,0,0.394,0.2892865246102366,0.10471347538976344
2025-08-11 17:15:00,17,0,8,0,0.41500000000000004,0.2892865246102366,0.12571347538976346
2025-08-11 17:30:00,17,0,8,0,0.40800000000000003,0.2892865246102366,0.11871347538976346
2025-08-11 17:45:00,17,0,8,0,0.40700000000000003,0.2892865246102366,0.11771347538976346
2025-08-11 18:00:00,18,0,8,0,0.41700000000000004,0.4311623214928897,0.014162321492889651
2025-08-11 18:15:00,18,0,8,0,0.42000000000000004,0.4311623214928897,0.011162321492889649
2025-08-11 18:30:00,18,0,8,0,0.486,0.4311623214928897,0.0548376785071103
2025-08-11 18:45:00,18,0,8,0,0.41700000000000004,0.4311623214928897,0.014162321492889651
2025-08-11 19:00:00,19,0,8,0,0.535,0.4798526516512581,0.05514734834874191
2025-08-11 19:15:00,19,0,8,0,0.459,0.4798526516512581,0.020852651651258103
2025-08-11 19:30:00,19,0,8,0,0.445,0.4798526516512581,0.034852651651258115
2025-08-11 19:45:00,19,0,8,0,0.42100000000000004,0.4798526516512581,0.05885265165125808
2025-08-11 20:00:00,20,0,8,0,0.42600000000000005,0.5210842261234073,0.09508422612340728
2025-08-11 20:15:00,20,0,8,0,0.437,0.5210842261234073,0.08408422612340732
2025-08-11 20:30:00,20,0,8,0,0.376,0.5210842261234073,0.14508422612340732
2025-08-11 20:45:00,20,0,8,0,0.39,0.5210842261234073,0.1310842261234073
2025-08-11 21:00:00,21,0,8,0,0.436,0.5693449794751763,0.13334497947517626
2025-08-11 21:15:00,21,0,8,0,0.526,0.5693449794751763,0.04334497947517624
2025-08-11 21:30:00,21,0,8,0,0.436,0.5693449794751763,0.13334497947517626
2025-08-11 21:45:00,21,0,8,0,0.502,0.5693449794751763,0.06734497947517626
2025-08-11 22:00:00,22,0,8,0,0.628,0.6020720955506547,0.02592790444934534
2025-08-11 22:15:00,22,0,8,0,0.531,0.6020720955506547,0.07107209555065463
2025-08-11 22:30:00,22,0,8,0,0.43300000000000005,0.6020720955506547,0.1690720955506546
2025-08-11 22:45:00,22,0,8,0,0.41400000000000003,0.6020720955506547,0.18807209555065463
2025-08-11 23:00:00,23,0,8,0,0.313,0.7387806553262231,0.42578065532622306
2025-08-11 23:15:00,23,0,8,0,0.5800000000000001,0.7387806553262231,0.15878065532622299
2025-08-11 23:30:00,23,0,8,0,0.571,0.7387806553262231,0.1677806553262231
2025-08-11 23:45:00,23,0,8,0,0.515,0.7387806553262231,0.22378065532622304
2025-08-12 00:00:00,0,1,8,0,0.499,0.556369484643611,0.057369484643611024
2025-08-12 00:15:00,0,1,8,0,0.536,0.556369484643611,0.02036948464361099
2025-08-12 00:30:00,0,1,8,0,0.438,0.556369484643611,0.11836948464361102
2025-08-12 00:45:00,0,1,8,0,0.441,0.556369484643611,0.11536948464361102
2025-08-12 01:00:00,1,1,8,0,0.464,0.5365841499163979,0.07258414991639789
2025-08-12 01:15:00,1,1,8,0,0.453,0.5365841499163979,0.0835841499163979
2025-08-12 01:30:00,1,1,8,0,0.455,0.5365841499163979,0.0815841499163979
2025-08-12 01:45:00,1,1,8,0,0.454,0.5365841499163979,0.0825841499163979
2025-08-12 02:00:00,2,1,8,0,0.456,0.5453342921964559,0.08933429219645589
2025-08-12 02:15:00,2,1,8,0,0.446,0.5453342921964559,0.0993342921964559
2025-08-12 02:30:00,2,1,8,0,0.451,0.5453342921964559,0.0943342921964559
2025-08-12 02:45:00,2,1,8,0,0.447,0.5453342921964559,0.0983342921964559
2025-08-12 03:00:00,3,1,8,0,0.42100000000000004,0.554837246685281,0.13383724668528096
2025-08-12 03:15:00,3,1,8,0,0.404,0.554837246685281,0.15083724668528098
2025-08-12 03:30:00,3,1,8,0,0.437,0.554837246685281,0.117837246685281
2025-08-12 03:45:00,3,1,8,0,0.444,0.554837246685281,0.110837246685281
2025-08-12 04:00:00,4,1,8,0,0.445,0.5512099532086712,0.10620995320867116
2025-08-12 04:15:00,4,1,8,0,0.43100000000000005,0.5512099532086712,0.12020995320867112
2025-08-12 04:30:00,4,1,8,0,0.405,0.5512099532086712,0.14620995320867114
2025-08-12 04:45:00,4,1,8,0,0.42000000000000004,0.5512099532086712,0.13120995320867113
2025-08-12 05:00:00,5,1,8,0,0.445,0.5353002914478534,0.0903002914478534
2025-08-12 05:15:00,5,1,8,0,0.447,0.5353002914478534,0.0883002914478534
2025-08-12 05:30:00,5,1,8,0,0.438,0.5353002914478534,0.0973002914478534
2025-08-12 05:45:00,5,1,8,0,0.406,0.5353002914478534,0.12930029144785338
2025-08-12 06:00:00,6,1,8,0,0.404,0.5041679247722454,0.10016792477224534
2025-08-12 06:15:00,6,1,8,0,0.43000000000000005,0.5041679247722454,0.07416792477224532
2025-08-12 06:30:00,6,1,8,0,0.438,0.5041679247722454,0.06616792477224537
2025-08-12 06:45:00,6,1,8,0,0.41400000000000003,0.5041679247722454,0.09016792477224533
2025-08-12 07:00:00,7,1,8,0,0.383,0.38296592385832423,3.407614167577622e-05
2025-08-12 07:15:00,7,1,8,0,0.313,0.38296592385832423,0.06996592385832423
2025-08-12 07:30:00,7,1,8,0,0.52,0.38296592385832423,0.1370340761416758
2025-08-12 07:45:00,7,1,8,0,0.659,0.38296592385832423,0.2760340761416758
2025-08-12 08:00:00,8,1,8,0,0.534,0.42464835881470187,0.10935164118529817
2025-08-12 08:15:00,8,1,8,0,0.341,0.42464835881470187,0.08364835881470184
2025-08-12 08:30:00,8,1,8,0,0.42300000000000004,0.42464835881470187,0.0016483588147018224
2025-08-12 08:45:00,8,1,8,0,0.319,0.42464835881470187,0.10564835881470186
2025-08-12 09:00:00,9,1,8,0,0.302,0.34796084508689545,0.04596084508689546
2025-08-12 09:15:00,9,1,8,0,0.264,0.34796084508689545,0.08396084508689544
2025-08-12 09:30:00,9,1,8,0,0.28600000000000003,0.34796084508689545,0.06196084508689542
2025-08-12 09:45:00,9,1,8,0,0.264,0.34796084508689545,0.08396084508689544
2025-08-12 10:00:00,10,1,8,0,0.264,0.33949954361316,0.07549954361315997
2025-08-12 10:15:00,10,1,8,0,0.401,0.33949954361316,0.06150045638684004
2025-08-12 10:30:00,10,1,8,0,0.313,0.33949954361316,0.02649954361315998
2025-08-12 10:45:00,10,1,8,0,0.264,0.33949954361316,0.07549954361315997
2025-08-12 11:00:00,11,1,8,0,0.264,0.2867515702333036,0.022751570233303597
2025-08-12 11:15:00,11,1,8,0,0.264,0.2867515702333036,0.022751570233303597
2025-08-12 11:30:00,11,1,8,0,0.264,0.2867515702333036,0.022751570233303597
2025-08-12 11:45:00,11,1,8,0,0.264,0.2867515702333036,0.022751570233303597
2025-08-12 12:00:00,12,1,8,0,0.264,0.28665318754200003,0.02265318754200002
2025-08-12 12:15:00,12,1,8,0,0.264,0.28665318754200003,0.02265318754200002
2025-08-12 12:30:00,12,1,8,0,0.264,0.28665318754200003,0.02265318754200002
2025-08-12 12:45:00,12,1,8,0,0.382,0.28665318754200003,0.09534681245799997
2025-08-12 13:00:00,13,1,8,0,0.264,0.29182451167262147,0.027824511672621455
2025-08-12 13:15:00,13,1,8,0,0.29800000000000004,0.29182451167262147,0.0061754883273785754
2025-08-12 13:30:00,13,1,8,0,0.264,0.29182451167262147,0.027824511672621455
2025-08-12 13:45:00,13,1,8,0,0.264,0.29182451167262147,0.027824511672621455
2025-08-12 14:00:00,14,1,8,0,0.264,0.3057941764003459,0.041794176400345884
2025-08-12 14:15:00,14,1,8,0,0.264,0.3057941764003459,0.041794176400345884
2025-08-12 14:30:00,14,1,8,0,0.264,0.3057941764003459,0.041794176400345884
2025-08-12 14:45:00,14,1,8,0,0.264,0.3057941764003459,0.041794176400345884
2025-08-12 15:00:00,15,1,8,0,0.264,0.3436518452451484,0.0796518452451484
2025-08-12 15:15:00,15,1,8,0,0.28400000000000003,0.3436518452451484,0.05965184524514838
2025-08-12 15:30:00,15,1,8,0,0.264,0.3436518452451484,0.0796518452451484
2025-08-12 15:45:00,15,1,8,0,0.28200000000000003,0.3436518452451484,0.061651845245148384
2025-08-12 16:00:00,16,1,8,0,0.457,0.34316224880522833,0.11383775119477169
2025-08-12 16:15:00,16,1,8,0,0.314,0.34316224880522833,0.02916224880522833
2025-08-12 16:30:00,16,1,8,0,0.28400000000000003,0.34316224880522833,0.0591622488052283
2025-08-12 16:45:00,16,1,8,0,0.305,0.34316224880522833,0.03816224880522834
2025-08-12 17:00:00,17,1,8,0,0.264,0.34164837965856765,0.07764837965856763
2025-08-12 17:15:00,17,1,8,0,0.276,0.34164837965856765,0.06564837965856762
2025-08-12 17:30:00,17,1,8,0,0.359,0.34164837965856765,0.01735162034143234
2025-08-12 17:45:00,17,1,8,0,0.356,0.34164837965856765,0.014351620341432336
2025-08-12 18:00:00,18,1,8,0,0.356,0.3958516637128543,0.03985166371285431
2025-08-12 18:15:00,18,1,8,0,0.363,0.3958516637128543,0.03285166371285431
2025-08-12 18:30:00,18,1,8,0,0.45,0.3958516637128543,0.054148336287145715
2025-08-12 18:45:00,18,1,8,0,0.485,0.3958516637128543,0.08914833628714569
2025-08-12 19:00:00,19,1,8,0,0.445,0.4630016222675344,0.01800162226753438
2025-08-12 19:15:00,19,1,8,0,0.55,0.4630016222675344,0.08699837773246566
2025-08-12 19:30:00,19,1,8,0,0.446,0.4630016222675344,0.017001622267534378
2025-08-12 19:45:00,19,1,8,0,0.443,0.4630016222675344,0.02000162226753438
2025-08-12 20:00:00,20,1,8,0,0.41900000000000004,0.4464223418180463,0.02742234181804626
2025-08-12 20:15:00,20,1,8,0,0.454,0.4464223418180463,0.007577658181953717
2025-08-12 20:30:00,20,1,8,0,0.49,0.4464223418180463,0.04357765818195369
2025-08-12 20:45:00,20,1,8,0,0.479,0.4464223418180463,0.032577658181953684
2025-08-12 21:00:00,21,1,8,0,0.497,0.4937621059085216,0.0032378940914783993
2025-08-12 21:15:00,21,1,8,0,0.447,0.4937621059085216,0.04676210590852159
2025-08-12 21:30:00,21,1,8,0,0.488,0.4937621059085216,0.005762105908521609
2025-08-12 21:45:00,21,1,8,0,0.5509999999999999,0.4937621059085216,0.057237894091478336
2025-08-12 22:00:00,22,1,8,0,0.528,0.6122666644169253,0.08426666441692532
2025-08-12 22:15:00,22,1,8,0,1.026,0.6122666644169253,0.4137333355830747
2025-08-12 22:30:00,22,1,8,0,0.87,0.6122666644169253,0.25773333558307465
2025-08-12 22:45:00,22,1,8,0,0.7230000000000001,0.6122666644169253,0.11073333558307474
2025-08-12 23:00:00,23,1,8,0,0.605,0.7113387995082775,0.10633879950827752
2025-08-12 23:15:00,23,1,8,0,0.6040000000000001,0.7113387995082775,0.1073387995082774
2025-08-12 23:30:00,23,1,8,0,0.5860000000000001,0.7113387995082775,0.12533879950827742
2025-08-12 23:45:00,23,1,8,0,0.736,0.7113387995082775,0.02466120049172249
2025-08-13 00:00:00,0,2,8,0,0.704,0.5449613266493539,0.15903867335064603
2025-08-13 00:15:00,0,2,8,0,0.694,0.5449613266493539,0.14903867335064602
2025-08-13 00:30:00,0,2,8,0,0.67,0.5449613266493539,0.1250386733506461
2025-08-13 00:45:00,0,2,8,0,0.667,0.5449613266493539,0.12203867335064611
2025-08-13 01:00:00,1,2,8,0,0.694,0.5158506769398563,0.17814932306014364
2025-08-13 01:15:00,1,2,8,0,0.666,0.5158506769398563,0.15014932306014372
2025-08-13 01:30:00,1,2,8,0,0.6930000000000001,0.5158506769398563,0.17714932306014375
2025-08-13 01:45:00,1,2,8,0,0.544,0.5158506769398563,0.028149323060143727
2025-08-13 02:00:00,2,2,8,0,0.541,0.5511298059747838,0.010129805974783745
2025-08-13 02:15:00,2,2,8,0,0.543,0.5511298059747838,0.008129805974783744
2025-08-13 02:30:00,2,2,8,0,0.5660000000000001,0.5511298059747838,0.014870194025216277
2025-08-13 02:45:00,2,2,8,0,0.545,0.5511298059747838,0.006129805974783742
2025-08-13 03:00:00,3,2,8,0,0.531,0.5448153760454448,0.013815376045444805
2025-08-13 03:15:00,3,2,8,0,0.517,0.5448153760454448,0.027815376045444817
2025-08-13 03:30:00,3,2,8,0,0.65,0.5448153760454448,0.10518462395455519
2025-08-13 03:45:00,3,2,8,0,0.603,0.5448153760454448,0.05818462395455515
2025-08-13 04:00:00,4,2,8,0,0.563,0.5558752405144592,0.007124759485540699
2025-08-13 04:15:00,4,2,8,0,0.53,0.5558752405144592,0.02587524051445922
2025-08-13 04:30:00,4,2,8,0,0.516,0.5558752405144592,0.03987524051445923
2025-08-13 04:45:00,4,2,8,0,0.5469999999999999,0.5558752405144592,0.008875240514459315
2025-08-13 05:00:00,5,2,8,0,0.546,0.5499735257936268,0.003973525793626753
2025-08-13 05:15:00,5,2,8,0,0.5660000000000001,0.5499735257936268,0.016026474206373265
2025-08-13 05:30:00,5,2,8,0,0.539,0.5499735257936268,0.01097352579362676
2025-08-13 05:45:00,5,2,8,0,0.5880000000000001,0.5499735257936268,0.038026474206373284
2025-08-13 06:00:00,6,2,8,0,0.607,0.4584000261026788,0.14859997389732116
2025-08-13 06:15:00,6,2,8,0,0.662,0.4584000261026788,0.2035999738973212
2025-08-13 06:30:00,6,2,8,0,0.552,0.4584000261026788,0.09359997389732122
2025-08-13 06:45:00,6,2,8,0,0.53,0.4584000261026788,0.0715999738973212
2025-08-13 07:00:00,7,2,8,0,0.453,0.4033432875097132,0.0496567124902868
2025-08-13 07:15:00,7,2,8,0,0.437,0.4033432875097132,0.03365671249028679
2025-08-13 07:30:00,7,2,8,0,0.403,0.4033432875097132,0.000343287509713186
2025-08-13 07:45:00,7,2,8,0,0.616,0.4033432875097132,0.21265671249028678
2025-08-13 08:00:00,8,2,8,0,0.782,0.47845705694309343,0.3035429430569066
2025-08-13 08:15:00,8,2,8,0,0.593,0.47845705694309343,0.11454294305690654
2025-08-13 08:30:00,8,2,8,0,0.534,0.47845705694309343,0.0555429430569066
2025-08-13 08:45:00,8,2,8,0,0.43000000000000005,0.47845705694309343,0.04845705694309338
2025-08-13 09:00:00,9,2,8,0,0.451,0.3522747767251857,0.09872522327481431
2025-08-13 09:15:00,9,2,8,0,0.4,0.3522747767251857,0.04772522327481432
2025-08-13 09:30:00,9,2,8,0,0.647,0.3522747767251857,0.2947252232748143
2025-08-13 09:45:00,9,2,8,0,0.389,0.3522747767251857,0.03672522327481431
2025-08-13 10:00:00,10,2,8,0,0.40900000000000003,0.34475272231170656,0.06424727768829347
2025-08-13 10:15:00,10,2,8,0,0.394,0.34475272231170656,0.049247277688293456
2025-08-13 10:30:00,10,2,8,0,0.511,0.34475272231170656,0.16624727768829345
2025-08-13 10:45:00,10,2,8,0,0.491,0.34475272231170656,0.14624727768829343
2025-08-13 11:00:00,11,2,8,0,0.312,0.2839394595138886,0.028060540486111396
2025-08-13 11:15:00,11,2,8,0,0.264,0.2839394595138886,0.01993945951388859
2025-08-13 11:30:00,11,2,8,0,0.264,0.2839394595138886,0.01993945951388859
2025-08-13 11:45:00,11,2,8,0,0.264,0.2839394595138886,0.01993945951388859
2025-08-13 12:00:00,12,2,8,0,0.28400000000000003,0.2838410768225849,0.00015892317741511564
2025-08-13 12:15:00,12,2,8,0,0.41100000000000003,0.2838410768225849,0.12715892317741512
2025-08-13 12:30:00,12,2,8,0,0.399,0.2838410768225849,0.1151589231774151
2025-08-13 12:45:00,12,2,8,0,0.387,0.2838410768225849,0.1031589231774151
2025-08-13 13:00:00,13,2,8,0,0.381,0.2889305357049795,0.0920694642950205
2025-08-13 13:15:00,13,2,8,0,0.328,0.2889305357049795,0.039069464295020506
2025-08-13 13:30:00,13,2,8,0,0.264,0.2889305357049795,0.024930535704979495
2025-08-13 13:45:00,13,2,8,0,0.264,0.2889305357049795,0.024930535704979495
2025-08-13 14:00:00,14,2,8,0,0.264,0.302900200432704,0.03890020043270398
2025-08-13 14:15:00,14,2,8,0,0.264,0.302900200432704,0.03890020043270398
2025-08-13 14:30:00,14,2,8,0,0.29900000000000004,0.302900200432704,0.0039002004327039486
2025-08-13 14:45:00,14,2,8,0,0.28200000000000003,0.302900200432704,0.020900200432703964
2025-08-13 15:00:00,15,2,8,0,0.28800000000000003,0.3410773964567542,0.05307739645675419
2025-08-13 15:15:00,15,2,8,0,0.28500000000000003,0.3410773964567542,0.05607739645675419
2025-08-13 15:30:00,15,2,8,0,0.28,0.3410773964567542,0.061077396456754196
2025-08-13 15:45:00,15,2,8,0,0.264,0.3410773964567542,0.07707739645675421
2025-08-13 16:00:00,16,2,8,0,0.461,0.33989950166132615,0.12110049833867387
2025-08-13 16:15:00,16,2,8,0,0.264,0.33989950166132615,0.07589950166132614
2025-08-13 16:30:00,16,2,8,0,0.331,0.33989950166132615,0.008899501661326137
2025-08-13 16:45:00,16,2,8,0,0.329,0.33989950166132615,0.010899501661326139
2025-08-13 17:00:00,17,2,8,0,0.326,0.3491475345326119,0.02314753453261187
2025-08-13 17:15:00,17,2,8,0,0.398,0.3491475345326119,0.04885246546738814
2025-08-13 17:30:00,17,2,8,0,0.386,0.3491475345326119,0.03685246546738813
2025-08-13 17:45:00,17,2,8,0,0.387,0.3491475345326119,0.03785246546738813
2025-08-13 18:00:00,18,2,8,0,0.41600000000000004,0.42374051771918786,0.007740517719187823
2025-08-13 18:15:00,18,2,8,0,0.477,0.42374051771918786,0.05325948228081212
2025-08-13 18:30:00,18,2,8,0,0.43100000000000005,0.42374051771918786,0.007259482280812191
2025-08-13 18:45:00,18,2,8,0,0.406,0.42374051771918786,0.01774051771918783
2025-08-13 19:00:00,19,2,8,0,0.389,0.47853573555261014,0.08953573555261013
2025-08-13 19:15:00,19,2,8,0,0.361,0.47853573555261014,0.11753573555261015
2025-08-13 19:30:00,19,2,8,0,0.42200000000000004,0.47853573555261014,0.0565357355526101
2025-08-13 19:45:00,19,2,8,0,0.608,0.47853573555261014,0.12946426444738984
2025-08-13 20:00:00,20,2,8,0,0.478,0.500316510155852,0.02231651015585201
2025-08-13 20:15:00,20,2,8,0,0.492,0.500316510155852,0.008316510155851997
2025-08-13 20:30:00,20,2,8,0,0.451,0.500316510155852,0.04931651015585198
2025-08-13 20:45:00,20,2,8,0,0.443,0.500316510155852,0.057316510155851985
2025-08-13 21:00:00,21,2,8,0,0.534,0.4657989509596992,0.06820104904030083
2025-08-13 21:15:00,21,2,8,0,0.5800000000000001,0.4657989509596992,0.11420104904030087
2025-08-13 21:30:00,21,2,8,0,0.5680000000000001,0.4657989509596992,0.10220104904030086
2025-08-13 21:45:00,21,2,8,0,0.482,0.4657989509596992,0.016201049040300786
2025-08-13 22:00:00,22,2,8,0,0.513,0.6596605068494726,0.14666050684947263
2025-08-13 22:15:00,22,2,8,0,0.537,0.6596605068494726,0.1226605068494726
2025-08-13 22:30:00,22,2,8,0,0.496,0.6596605068494726,0.16366050684947264
2025-08-13 22:45:00,22,2,8,0,0.525,0.6596605068494726,0.13466050684947262
2025-08-13 23:00:00,23,2,8,0,0.563,0.7295447798744324,0.1665447798744325
2025-08-13 23:15:00,23,2,8,0,0.573,0.7295447798744324,0.1565447798744325
2025-08-13 23:30:00,23,2,8,0,0.48,0.7295447798744324,0.24954477987443247
2025-08-13 23:45:00,23,2,8,0,0.529,0.7295447798744324,0.20054477987443242
2025-08-14 00:00:00,0,3,8,0,0.465,0.5316454865263276,0.06664548652632757
2025-08-14 00:15:00,0,3,8,0,0.464,0.5316454865263276,0.06764548652632757
2025-08-14 00:30:00,0,3,8,0,0.593,0.5316454865263276,0.06135451347367238
2025-08-14 00:45:00,0,3,8,0,0.515,0.5316454865263276,0.01664548652632758
2025-08-14 01:00:00,1,3,8,0,0.511,0.5128612644282576,0.0018612644282576252
2025-08-14 01:15:00,1,3,8,0,0.53,0.5128612644282576,0.01713873557174239
2025-08-14 01:30:00,1,3,8,0,0.37,0.5128612644282576,0.14286126442825764
2025-08-14 01:45:00,1,3,8,0,0.264,0.5128612644282576,0.24886126442825762
2025-08-14 02:00:00,2,3,8,0,0.539,0.5457920331832298,0.00679203318322974
2025-08-14 02:15:00,2,3,8,0,0.5780000000000001,0.5457920331832298,0.032207966816770295
2025-08-14 02:30:00,2,3,8,0,0.5680000000000001,0.5457920331832298,0.022207966816770286
2025-08-14 02:45:00,2,3,8,0,0.515,0.5457920331832298,0.03079203318322976
2025-08-14 03:00:00,3,3,8,0,0.514,0.5484795661446893,0.03447956614468928
2025-08-14 03:15:00,3,3,8,0,0.462,0.5484795661446893,0.08647956614468927
2025-08-14 03:30:00,3,3,8,0,0.546,0.5484795661446893,0.002479566144689249
2025-08-14 03:45:00,3,3,8,0,0.537,0.5484795661446893,0.011479566144689257
2025-08-14 04:00:00,4,3,8,0,0.464,0.5530604708639202,0.08906047086392016
2025-08-14 04:15:00,4,3,8,0,0.497,0.5530604708639202,0.056060470863920187
2025-08-14 04:30:00,4,3,8,0,0.478,0.5530604708639202,0.0750604708639202
2025-08-14 04:45:00,4,3,8,0,0.528,0.5530604708639202,0.02506047086392016
2025-08-14 05:00:00,5,3,8,0,0.49,0.5458545645625196,0.05585456456251958
2025-08-14 05:15:00,5,3,8,0,0.463,0.5458545645625196,0.08285456456251955
2025-08-14 05:30:00,5,3,8,0,0.43000000000000005,0.5458545645625196,0.11585456456251952
2025-08-14 05:45:00,5,3,8,0,0.42000000000000004,0.5458545645625196,0.12585456456251953
2025-08-14 06:00:00,6,3,8,0,0.41400000000000003,0.45771642398301765,0.043716423983017616
2025-08-14 06:15:00,6,3,8,0,0.372,0.45771642398301765,0.08571642398301765
2025-08-14 06:30:00,6,3,8,0,0.343,0.45771642398301765,0.11471642398301762
2025-08-14 06:45:00,6,3,8,0,0.463,0.45771642398301765,0.005283576016982372
2025-08-14 07:00:00,7,3,8,0,0.467,0.35926464719500034,0.10773535280499968
2025-08-14 07:15:00,7,3,8,0,0.577,0.35926464719500034,0.21773535280499962
2025-08-14 07:30:00,7,3,8,0,0.6060000000000001,0.35926464719500034,0.24673535280499975
2025-08-14 07:45:00,7,3,8,0,0.5469999999999999,0.35926464719500034,0.1877353528049996
2025-08-14 08:00:00,8,3,8,0,0.652,0.44321314155761776,0.20878685844238226
2025-08-14 08:15:00,8,3,8,0,0.491,0.44321314155761776,0.04778685844238223
2025-08-14 08:30:00,8,3,8,0,0.537,0.44321314155761776,0.09378685844238227
2025-08-14 08:45:00,8,3,8,0,0.43400000000000005,0.44321314155761776,0.00921314155761771
2025-08-14 09:00:00,9,3,8,0,0.41600000000000004,0.3461758315003504,0.06982416849964962
2025-08-14 09:15:00,9,3,8,0,0.34900000000000003,0.3461758315003504,0.0028241684996496152
2025-08-14 09:30:00,9,3,8,0,0.509,0.3461758315003504,0.1628241684996496
2025-08-14 09:45:00,9,3,8,0,0.34400000000000003,0.3461758315003504,0.002175831500350389
2025-08-14 10:00:00,10,3,8,0,0.351,0.3390461437994116,0.011953856200588364
2025-08-14 10:15:00,10,3,8,0,0.328,0.3390461437994116,0.0110461437994116
2025-08-14 10:30:00,10,3,8,0,0.34800000000000003,0.3390461437994116,0.008953856200588417
2025-08-14 10:45:00,10,3,8,0,0.264,0.3390461437994116,0.0750461437994116
2025-08-14 11:00:00,11,3,8,0,0.351,0.29675686355249475,0.054243136447505225
2025-08-14 11:15:00,11,3,8,0,0.264,0.29675686355249475,0.03275686355249474
2025-08-14 11:30:00,11,3,8,0,0.264,0.29675686355249475,0.03275686355249474
2025-08-14 11:45:00,11,3,8,0,0.264,0.29675686355249475,0.03275686355249474
2025-08-14 12:00:00,12,3,8,0,0.264,0.2964001524229159,0.032400152422915884
2025-08-14 12:15:00,12,3,8,0,0.264,0.2964001524229159,0.032400152422915884
2025-08-14 12:30:00,12,3,8,0,0.42000000000000004,0.2964001524229159,0.12359984757708414
2025-08-14 12:45:00,12,3,8,0,0.264,0.2964001524229159,0.032400152422915884
2025-08-14 13:00:00,13,3,8,0,0.264,0.3018189109764553,0.03781891097645529
2025-08-14 13:15:00,13,3,8,0,0.264,0.3018189109764553,0.03781891097645529
2025-08-14 13:30:00,13,3,8,0,0.264,0.3018189109764553,0.03781891097645529
2025-08-14 13:45:00,13,3,8,0,0.264,0.3018189109764553,0.03781891097645529
2025-08-14 14:00:00,14,3,8,0,0.264,0.3182401297534563,0.05424012975345627
2025-08-14 14:15:00,14,3,8,0,0.264,0.3182401297534563,0.05424012975345627
2025-08-14 14:30:00,14,3,8,0,0.264,0.3182401297534563,0.05424012975345627
2025-08-14 14:45:00,14,3,8,0,0.327,0.3182401297534563,0.008759870246543733
2025-08-14 15:00:00,15,3,8,0,0.318,0.35298209307219247,0.034982093072192466
2025-08-14 15:15:00,15,3,8,0,0.264,0.35298209307219247,0.08898209307219246
2025-08-14 15:30:00,15,3,8,0,0.29300000000000004,0.35298209307219247,0.05998209307219243
2025-08-14 15:45:00,15,3,8,0,0.336,0.35298209307219247,0.01698209307219245
2025-08-14 16:00:00,16,3,8,0,0.29200000000000004,0.34753580351922186,0.05553580351922183
2025-08-14 16:15:00,16,3,8,0,0.264,0.34753580351922186,0.08353580351922185
2025-08-14 16:30:00,16,3,8,0,0.264,0.34753580351922186,0.08353580351922185
2025-08-14 16:45:00,16,3,8,0,0.264,0.34753580351922186,0.08353580351922185
2025-08-14 17:00:00,17,3,8,0,0.264,0.3417235884881389,0.07772358848813887
2025-08-14 17:15:00,17,3,8,0,0.29400000000000004,0.3417235884881389,0.047723588488138846
2025-08-14 17:30:00,17,3,8,0,0.341,0.3417235884881389,0.0007235884881388599
2025-08-14 17:45:00,17,3,8,0,0.688,0.3417235884881389,0.34627641151186106
2025-08-14 18:00:00,18,3,8,0,0.6930000000000001,0.4083603946076901,0.28463960539231
2025-08-14 18:15:00,18,3,8,0,0.366,0.4083603946076901,0.04236039460769009
2025-08-14 18:30:00,18,3,8,0,0.351,0.4083603946076901,0.0573603946076901
2025-08-14 18:45:00,18,3,8,0,0.355,0.4083603946076901,0.0533603946076901
2025-08-14 19:00:00,19,3,8,0,0.37,0.4303175617926958,0.06031756179269582
2025-08-14 19:15:00,19,3,8,0,0.558,0.4303175617926958,0.12768243820730424
2025-08-14 19:30:00,19,3,8,0,0.633,0.4303175617926958,0.2026824382073042
2025-08-14 19:45:00,19,3,8,0,0.41500000000000004,0.4303175617926958,0.015317561792695777
2025-08-14 20:00:00,20,3,8,0,0.436,0.5142852963418372,0.07828529634183717
2025-08-14 20:15:00,20,3,8,0,0.494,0.5142852963418372,0.020285296341837178
2025-08-14 20:30:00,20,3,8,0,0.451,0.5142852963418372,0.06328529634183716
2025-08-14 20:45:00,20,3,8,0,0.462,0.5142852963418372,0.05228529634183715
2025-08-14 21:00:00,21,3,8,0,0.463,0.524570524397001,0.061570524397001
2025-08-14 21:15:00,21,3,8,0,0.48,0.524570524397001,0.04457052439700104
2025-08-14 21:30:00,21,3,8,0,0.539,0.524570524397001,0.014429475602999009
2025-08-14 21:45:00,21,3,8,0,0.664,0.524570524397001,0.139429475602999
2025-08-14 22:00:00,22,3,8,0,0.506,0.6261598383925735,0.12015983839257349
2025-08-14 22:15:00,22,3,8,0,0.502,0.6261598383925735,0.1241598383925735
2025-08-14 22:30:00,22,3,8,0,0.492,0.6261598383925735,0.1341598383925735
2025-08-14 22:45:00,22,3,8,0,0.612,0.6261598383925735,0.01415983839257351
2025-08-14 23:00:00,23,3,8,0,0.552,0.6583088715247388,0.10630887152473878
2025-08-14 23:15:00,23,3,8,0,0.464,0.6583088715247388,0.1943088715247388
2025-08-14 23:30:00,23,3,8,0,0.517,0.6583088715247388,0.1413088715247388
2025-08-14 23:45:00,23,3,8,0,0.438,0.6583088715247388,0.22030887152473883
2025-08-15 00:00:00,0,4,8,0,0.522,0.5244744754942912,0.0024744754942911396
2025-08-15 00:15:00,0,4,8,0,0.875,0.5244744754942912,0.35052552450570884
2025-08-15 00:30:00,0,4,8,0,0.7310000000000001,0.5244744754942912,0.20652552450570894
2025-08-15 00:45:00,0,4,8,0,0.652,0.5244744754942912,0.12752552450570886
2025-08-15 01:00:00,1,4,8,0,0.62,0.5088970264550265,0.11110297354497345
2025-08-15 01:15:00,1,4,8,0,0.612,0.5088970264550265,0.10310297354497344
2025-08-15 01:30:00,1,4,8,0,0.652,0.5088970264550265,0.14310297354497348
2025-08-15 01:45:00,1,4,8,0,0.593,0.5088970264550265,0.08410297354497343
2025-08-15 02:00:00,2,4,8,0,0.675,0.5340748835978838,0.14092511640211625
2025-08-15 02:15:00,2,4,8,0,0.621,0.5340748835978838,0.0869251164021162
2025-08-15 02:30:00,2,4,8,0,0.581,0.5340748835978838,0.04692511640211616
2025-08-15 02:45:00,2,4,8,0,0.581,0.5340748835978838,0.04692511640211616
2025-08-15 03:00:00,3,4,8,0,0.5569999999999999,0.5360866746031745,0.020913325396825444
2025-08-15 03:15:00,3,4,8,0,0.631,0.5360866746031745,0.09491332539682551
2025-08-15 03:30:00,3,4,8,0,0.581,0.5360866746031745,0.044913325396825465
2025-08-15 03:45:00,3,4,8,0,0.605,0.5360866746031745,0.06891332539682549
2025-08-15 04:00:00,4,4,8,0,0.544,0.5394053893557423,0.004594610644257702
2025-08-15 04:15:00,4,4,8,0,0.514,0.5394053893557423,0.025405389355742325
2025-08-15 04:30:00,4,4,8,0,0.558,0.5394053893557423,0.018594610644257714
2025-08-15 04:45:00,4,4,8,0,0.5640000000000001,0.5394053893557423,0.02459461064425772
2025-08-15 05:00:00,5,4,8,0,0.54,0.5325328974266476,0.00746710257335248
2025-08-15 05:15:00,5,4,8,0,0.556,0.5325328974266476,0.023467102573352494
2025-08-15 05:30:00,5,4,8,0,0.573,0.5325328974266476,0.0404671025733524
2025-08-15 05:45:00,5,4,8,0,0.556,0.5325328974266476,0.023467102573352494
2025-08-15 06:00:00,6,4,8,0,0.5720000000000001,0.44348375132275125,0.1285162486772488
2025-08-15 06:15:00,6,4,8,0,0.491,0.44348375132275125,0.04751624867724874
2025-08-15 06:30:00,6,4,8,0,0.454,0.44348375132275125,0.010516248677248763
2025-08-15 06:45:00,6,4,8,0,0.447,0.44348375132275125,0.0035162486772487567
2025-08-15 07:00:00,7,4,8,0,0.44,0.33923425661375667,0.10076574338624333
2025-08-15 07:15:00,7,4,8,0,0.394,0.33923425661375667,0.05476574338624335
2025-08-15 07:30:00,7,4,8,0,0.34900000000000003,0.33923425661375667,0.009765743386243364
2025-08-15 07:45:00,7,4,8,0,0.445,0.33923425661375667,0.10576574338624334
2025-08-15 08:00:00,8,4,8,0,0.69,0.43486113456893927,0.2551388654310607
2025-08-15 08:15:00,8,4,8,0,0.638,0.43486113456893927,0.20313886543106074
2025-08-15 08:30:00,8,4,8,0,0.5,0.43486113456893927,0.06513886543106073
2025-08-15 08:45:00,8,4,8,0,0.42000000000000004,0.43486113456893927,0.014861134568939227
2025-08-15 09:00:00,9,4,8,0,0.306,0.31457658544933853,0.008576585449338536
2025-08-15 09:15:00,9,4,8,0,0.356,0.31457658544933853,0.04142341455066145
2025-08-15 09:30:00,9,4,8,0,0.29100000000000004,0.31457658544933853,0.023576585449338494
2025-08-15 09:45:00,9,4,8,0,0.327,0.31457658544933853,0.012423414550661482
2025-08-15 10:00:00,10,4,8,0,0.373,0.3090567168555974,0.06394328314440262
2025-08-15 10:15:00,10,4,8,0,0.28700000000000003,0.3090567168555974,0.022056716855597347
2025-08-15 10:30:00,10,4,8,0,0.264,0.3090567168555974,0.04505671685559737
2025-08-15 10:45:00,10,4,8,0,0.264,0.3090567168555974,0.04505671685559737
2025-08-15 11:00:00,11,4,8,0,0.264,0.29791019024516163,0.03391019024516162
2025-08-15 11:15:00,11,4,8,0,0.264,0.29791019024516163,0.03391019024516162
2025-08-15 11:30:00,11,4,8,0,0.264,0.29791019024516163,0.03391019024516162
2025-08-15 11:45:00,11,4,8,0,0.264,0.29791019024516163,0.03391019024516162
2025-08-15 12:00:00,12,4,8,0,0.264,0.29755347911558283,0.03355347911558282
2025-08-15 12:15:00,12,4,8,0,0.264,0.29755347911558283,0.03355347911558282
2025-08-15 12:30:00,12,4,8,0,0.264,0.29755347911558283,0.03355347911558282
2025-08-15 12:45:00,12,4,8,0,0.264,0.29755347911558283,0.03355347911558282
2025-08-15 13:00:00,13,4,8,0,0.331,0.3029722376691222,0.028027762330877837
2025-08-15 13:15:00,13,4,8,0,0.533,0.3029722376691222,0.23002776233087785
2025-08-15 13:30:00,13,4,8,0,0.469,0.3029722376691222,0.1660277623308778
2025-08-15 13:45:00,13,4,8,0,0.41900000000000004,0.3029722376691222,0.11602776233087786
2025-08-15 14:00:00,14,4,8,0,0.264,0.3193934564461231,0.05539345644612309
2025-08-15 14:15:00,14,4,8,0,0.264,0.3193934564461231,0.05539345644612309
2025-08-15 14:30:00,14,4,8,0,0.328,0.3193934564461231,0.00860654355387691
2025-08-15 14:45:00,14,4,8,0,0.355,0.3193934564461231,0.03560654355387688
2025-08-15 15:00:00,15,4,8,0,0.277,0.35457096706696417,0.07757096706696415
2025-08-15 15:15:00,15,4,8,0,0.264,0.35457096706696417,0.09057096706696416
2025-08-15 15:30:00,15,4,8,0,0.264,0.35457096706696417,0.09057096706696416
2025-08-15 15:45:00,15,4,8,0,0.264,0.35457096706696417,0.09057096706696416
2025-08-15 16:00:00,16,4,8,0,0.264,0.3566374494158219,0.09263744941582192
2025-08-15 16:15:00,16,4,8,0,0.264,0.3566374494158219,0.09263744941582192
2025-08-15 16:30:00,16,4,8,0,0.53,0.3566374494158219,0.1733625505841781
2025-08-15 16:45:00,16,4,8,0,0.508,0.3566374494158219,0.15136255058417808
2025-08-15 17:00:00,17,4,8,0,0.44,0.335934793982969,0.10406520601703101
2025-08-15 17:15:00,17,4,8,0,0.464,0.335934793982969,0.12806520601703103
2025-08-15 17:30:00,17,4,8,0,0.452,0.335934793982969,0.11606520601703102
2025-08-15 17:45:00,17,4,8,0,0.648,0.335934793982969,0.312065206017031
2025-08-15 18:00:00,18,4,8,0,0.523,0.41946381905495855,0.10353618094504147
2025-08-15 18:15:00,18,4,8,0,0.445,0.41946381905495855,0.025536180945041453
2025-08-15 18:30:00,18,4,8,0,0.476,0.41946381905495855,0.056536180945041425
2025-08-15 18:45:00,18,4,8,0,0.42400000000000004,0.41946381905495855,0.00453618094504149
2025-08-15 19:00:00,19,4,8,0,0.43300000000000005,0.4731909313057461,0.040190931305746025
2025-08-15 19:15:00,19,4,8,0,0.403,0.4731909313057461,0.07019093130574605
2025-08-15 19:30:00,19,4,8,0,0.402,0.4731909313057461,0.07119093130574605
2025-08-15 19:45:00,19,4,8,0,0.402,0.4731909313057461,0.07119093130574605
2025-08-15 20:00:00,20,4,8,0,0.41300000000000003,0.4818698974486502,0.06886989744865019
2025-08-15 20:15:00,20,4,8,0,0.42900000000000005,0.4818698974486502,0.05286989744865017
2025-08-15 20:30:00,20,4,8,0,0.521,0.4818698974486502,0.0391301025513498
2025-08-15 20:45:00,20,4,8,0,0.523,0.4818698974486502,0.0411301025513498
2025-08-15 21:00:00,21,4,8,0,0.501,0.5393933873791069,0.038393387379106914
2025-08-15 21:15:00,21,4,8,0,0.517,0.5393933873791069,0.0223933873791069
2025-08-15 21:30:00,21,4,8,0,0.64,0.5393933873791069,0.1006066126208931
2025-08-15 21:45:00,21,4,8,0,0.497,0.5393933873791069,0.04239338737910692
2025-08-15 22:00:00,22,4,8,0,0.457,0.6909434013285863,0.23394340132858632
2025-08-15 22:15:00,22,4,8,0,0.503,0.6909434013285863,0.18794340132858633
2025-08-15 22:30:00,22,4,8,0,0.8180000000000001,0.6909434013285863,0.12705659867141372
2025-08-15 22:45:00,22,4,8,0,0.83,0.6909434013285863,0.13905659867141362
2025-08-15 23:00:00,23,4,8,0,0.859,0.7157982686297161,0.1432017313702839
2025-08-15 23:15:00,23,4,8,0,0.593,0.7157982686297161,0.1227982686297161
2025-08-15 23:30:00,23,4,8,0,0.631,0.7157982686297161,0.08479826862971607
2025-08-15 23:45:00,23,4,8,0,0.575,0.7157982686297161,0.14079826862971612
2025-08-16 00:00:00,0,5,8,1,0.611,0.5325624085630742,0.07843759143692575
2025-08-16 00:15:00,0,5,8,1,0.61,0.5325624085630742,0.07743759143692575
2025-08-16 00:30:00,0,5,8,1,0.626,0.5325624085630742,0.09343759143692576
2025-08-16 00:45:00,0,5,8,1,0.636,0.5325624085630742,0.10343759143692577
2025-08-16 01:00:00,1,5,8,1,0.6060000000000001,0.5149542066082066,0.09104579339179353
2025-08-16 01:15:00,1,5,8,1,0.629,0.5149542066082066,0.11404579339179344
2025-08-16 01:30:00,1,5,8,1,0.603,0.5149542066082066,0.08804579339179341
2025-08-16 01:45:00,1,5,8,1,0.5940000000000001,0.5149542066082066,0.07904579339179352
2025-08-16 02:00:00,2,5,8,1,0.562,0.5414063106800608,0.020593689319939212
2025-08-16 02:15:00,2,5,8,1,0.603,0.5414063106800608,0.06159368931993914
2025-08-16 02:30:00,2,5,8,1,0.5780000000000001,0.5414063106800608,0.03659368931993923
2025-08-16 02:45:00,2,5,8,1,0.478,0.5414063106800608,0.06340631068006086
2025-08-16 03:00:00,3,5,8,1,0.482,0.5475947602219375,0.06559476022193755
2025-08-16 03:15:00,3,5,8,1,0.494,0.5475947602219375,0.05359476022193754
2025-08-16 03:30:00,3,5,8,1,0.471,0.5475947602219375,0.07659476022193756
2025-08-16 03:45:00,3,5,8,1,0.439,0.5475947602219375,0.10859476022193754
2025-08-16 04:00:00,4,5,8,1,0.445,0.5480241877039772,0.1030241877039772
2025-08-16 04:15:00,4,5,8,1,0.48,0.5480241877039772,0.06802418770397722
2025-08-16 04:30:00,4,5,8,1,0.48,0.5480241877039772,0.06802418770397722
2025-08-16 04:45:00,4,5,8,1,0.48,0.5480241877039772,0.06802418770397722
2025-08-16 05:00:00,5,5,8,1,0.457,0.49363268156227774,0.036632681562277725
2025-08-16 05:15:00,5,5,8,1,0.462,0.49363268156227774,0.03163268156227772
2025-08-16 05:30:00,5,5,8,1,0.44,0.49363268156227774,0.05363268156227774
2025-08-16 05:45:00,5,5,8,1,0.442,0.49363268156227774,0.05163268156227774
2025-08-16 06:00:00,6,5,8,1,0.41700000000000004,0.4598310046411831,0.04283100464118306
2025-08-16 06:15:00,6,5,8,1,0.381,0.4598310046411831,0.07883100464118309
2025-08-16 06:30:00,6,5,8,1,0.47,0.4598310046411831,0.010168995358816879
2025-08-16 06:45:00,6,5,8,1,0.616,0.4598310046411831,0.1561689953588169
2025-08-16 07:00:00,7,5,8,1,0.632,0.3577034606932606,0.2742965393067394
2025-08-16 07:15:00,7,5,8,1,0.53,0.3577034606932606,0.17229653930673944
2025-08-16 07:30:00,7,5,8,1,0.5640000000000001,0.3577034606932606,0.20629653930673947
2025-08-16 07:45:00,7,5,8,1,0.42900000000000005,0.3577034606932606,0.07129653930673946
2025-08-16 08:00:00,8,5,8,1,0.385,0.4374885160410001,0.05248851604100008
2025-08-16 08:15:00,8,5,8,1,0.327,0.4374885160410001,0.11048851604100007
2025-08-16 08:30:00,8,5,8,1,0.28900000000000003,0.4374885160410001,0.14848851604100005
2025-08-16 08:45:00,8,5,8,1,0.264,0.4374885160410001,0.17348851604100007
2025-08-16 09:00:00,9,5,8,1,0.28500000000000003,0.3221077900333273,0.03710779003332726
2025-08-16 09:15:00,9,5,8,1,0.34400000000000003,0.3221077900333273,0.021892209966672738
2025-08-16 09:30:00,9,5,8,1,0.34500000000000003,0.3221077900333273,0.02289220996667274
2025-08-16 09:45:00,9,5,8,1,0.264,0.3221077900333273,0.05810779003332728
2025-08-16 10:00:00,10,5,8,1,0.264,0.3164922792741052,0.052492279274105214
2025-08-16 10:15:00,10,5,8,1,0.319,0.3164922792741052,0.00250772072589478
2025-08-16 10:30:00,10,5,8,1,0.279,0.3164922792741052,0.0374922792741052
2025-08-16 10:45:00,10,5,8,1,0.264,0.3164922792741052,0.052492279274105214
2025-08-16 11:00:00,11,5,8,1,0.303,0.28638615676179424,0.01661384323820575
2025-08-16 11:15:00,11,5,8,1,0.264,0.28638615676179424,0.02238615676179423
2025-08-16 11:30:00,11,5,8,1,0.264,0.28638615676179424,0.02238615676179423
2025-08-16 11:45:00,11,5,8,1,0.29500000000000004,0.28638615676179424,0.008613843238205798
2025-08-16 12:00:00,12,5,8,1,0.264,0.28618103010424323,0.022181030104243216
2025-08-16 12:15:00,12,5,8,1,0.264,0.28618103010424323,0.022181030104243216
2025-08-16 12:30:00,12,5,8,1,0.264,0.28618103010424323,0.022181030104243216
2025-08-16 12:45:00,12,5,8,1,0.264,0.28618103010424323,0.022181030104243216
2025-08-16 13:00:00,13,5,8,1,0.264,0.2920302760898038,0.028030276089803796
2025-08-16 13:15:00,13,5,8,1,0.264,0.2920302760898038,0.028030276089803796
2025-08-16 13:30:00,13,5,8,1,0.264,0.2920302760898038,0.028030276089803796
2025-08-16 13:45:00,13,5,8,1,0.264,0.2920302760898038,0.028030276089803796
2025-08-16 14:00:00,14,5,8,1,0.264,0.3101108323841114,0.0461108323841114
2025-08-16 14:15:00,14,5,8,1,0.29800000000000004,0.3101108323841114,0.01211083238411137
2025-08-16 14:30:00,14,5,8,1,0.264,0.3101108323841114,0.0461108323841114
2025-08-16 14:45:00,14,5,8,1,0.264,0.3101108323841114,0.0461108323841114
2025-08-16 15:00:00,15,5,8,1,0.264,0.3333442516536975,0.06934425165369751
2025-08-16 15:15:00,15,5,8,1,0.264,0.3333442516536975,0.06934425165369751
2025-08-16 15:30:00,15,5,8,1,0.312,0.3333442516536975,0.02134425165369752
2025-08-16 15:45:00,15,5,8,1,0.264,0.3333442516536975,0.06934425165369751
2025-08-16 16:00:00,16,5,8,1,0.264,0.32140813795544376,0.05740813795544375
2025-08-16 16:15:00,16,5,8,1,0.264,0.32140813795544376,0.05740813795544375
2025-08-16 16:30:00,16,5,8,1,0.264,0.32140813795544376,0.05740813795544375
2025-08-16 16:45:00,16,5,8,1,0.264,0.32140813795544376,0.05740813795544375
2025-08-16 17:00:00,17,5,8,1,0.264,0.3308209524398137,0.06682095243981367
2025-08-16 17:15:00,17,5,8,1,0.371,0.3308209524398137,0.04017904756018631
2025-08-16 17:30:00,17,5,8,1,0.386,0.3308209524398137,0.05517904756018632
2025-08-16 17:45:00,17,5,8,1,0.387,0.3308209524398137,0.056179047560186324
2025-08-16 18:00:00,18,5,8,1,0.396,0.37295528659056104,0.023044713409438977
2025-08-16 18:15:00,18,5,8,1,0.455,0.37295528659056104,0.08204471340943897
2025-08-16 18:30:00,18,5,8,1,0.5880000000000001,0.37295528659056104,0.21504471340943904
2025-08-16 18:45:00,18,5,8,1,0.466,0.37295528659056104,0.09304471340943898
2025-08-16 19:00:00,19,5,8,1,0.455,0.396190106656986,0.05880989334301401
2025-08-16 19:15:00,19,5,8,1,0.41900000000000004,0.396190106656986,0.02280989334301403
2025-08-16 19:30:00,19,5,8,1,0.506,0.396190106656986,0.109809893343014
2025-08-16 19:45:00,19,5,8,1,0.615,0.396190106656986,0.21880989334301398
2025-08-16 20:00:00,20,5,8,1,0.608,0.45733205889101713,0.15066794110898285
2025-08-16 20:15:00,20,5,8,1,0.528,0.45733205889101713,0.07066794110898289
2025-08-16 20:30:00,20,5,8,1,0.459,0.45733205889101713,0.0016679411089828844
2025-08-16 20:45:00,20,5,8,1,0.742,0.45733205889101713,0.28466794110898286
2025-08-16 21:00:00,21,5,8,1,0.747,0.5851080672316525,0.16189193276834746
2025-08-16 21:15:00,21,5,8,1,0.5780000000000001,0.5851080672316525,0.007108067231652471
2025-08-16 21:30:00,21,5,8,1,0.52,0.5851080672316525,0.06510806723165252
2025-08-16 21:45:00,21,5,8,1,0.5529999999999999,0.5851080672316525,0.032108067231652604
2025-08-16 22:00:00,22,5,8,1,0.595,0.6045391936570356,0.009539193657035594
2025-08-16 22:15:00,22,5,8,1,0.5760000000000001,0.6045391936570356,0.0285391936570355
2025-08-16 22:30:00,22,5,8,1,0.519,0.6045391936570356,0.08553919365703555
2025-08-16 22:45:00,22,5,8,1,0.401,0.6045391936570356,0.20353919365703554
2025-08-16 23:00:00,23,5,8,1,0.397,0.6676901292859437,0.2706901292859437
2025-08-16 23:15:00,23,5,8,1,0.391,0.6676901292859437,0.2766901292859437
2025-08-16 23:30:00,23,5,8,1,0.385,0.6676901292859437,0.2826901292859437
2025-08-16 23:45:00,23,5,8,1,0.42300000000000004,0.6676901292859437,0.2446901292859437
2025-08-17 00:00:00,0,6,8,1,0.41300000000000003,0.5216662871270169,0.10866628712701687
2025-08-17 00:15:00,0,6,8,1,0.516,0.5216662871270169,0.005666287127016889
2025-08-17 00:30:00,0,6,8,1,0.543,0.5216662871270169,0.021333712872983135
2025-08-17 00:45:00,0,6,8,1,0.539,0.5216662871270169,0.01733371287298313
2025-08-17 01:00:00,1,6,8,1,0.775,0.5359687902843918,0.2390312097156082
2025-08-17 01:15:00,1,6,8,1,1.044,0.5359687902843918,0.5080312097156082
2025-08-17 01:30:00,1,6,8,1,0.853,0.5359687902843918,0.31703120971560816
2025-08-17 01:45:00,1,6,8,1,0.827,0.5359687902843918,0.29103120971560814
2025-08-17 02:00:00,2,6,8,1,0.835,0.5468896876349988,0.2881103123650012
2025-08-17 02:15:00,2,6,8,1,0.78,0.5468896876349988,0.23311031236500124
2025-08-17 02:30:00,2,6,8,1,0.797,0.5468896876349988,0.25011031236500125
2025-08-17 02:45:00,2,6,8,1,0.7170000000000001,0.5468896876349988,0.1701103123650013
2025-08-17 03:00:00,3,6,8,1,0.7230000000000001,0.5500239356399531,0.17297606436004698
2025-08-17 03:15:00,3,6,8,1,0.5760000000000001,0.5500239356399531,0.025976064360046958
2025-08-17 03:30:00,3,6,8,1,0.5800000000000001,0.5500239356399531,0.02997606436004696
2025-08-17 03:45:00,3,6,8,1,0.5489999999999999,0.5500239356399531,0.0010239356399531774
2025-08-17 04:00:00,4,6,8,1,0.55,0.5393915072396033,0.01060849276039677
2025-08-17 04:15:00,4,6,8,1,0.646,0.5393915072396033,0.10660849276039674
2025-08-17 04:30:00,4,6,8,1,0.852,0.5393915072396033,0.3126084927603967
2025-08-17 04:45:00,4,6,8,1,0.831,0.5393915072396033,0.2916084927603967
2025-08-17 05:00:00,5,6,8,1,0.837,0.547459265102815,0.289540734897185
2025-08-17 05:15:00,5,6,8,1,0.8250000000000001,0.547459265102815,0.2775407348971851
2025-08-17 05:30:00,5,6,8,1,0.86,0.547459265102815,0.31254073489718504
2025-08-17 05:45:00,5,6,8,1,0.854,0.547459265102815,0.30654073489718503
2025-08-17 06:00:00,6,6,8,1,0.7090000000000001,0.4644182832321122,0.24458171676788787
2025-08-17 06:15:00,6,6,8,1,0.562,0.4644182832321122,0.09758171676788785
2025-08-17 06:30:00,6,6,8,1,0.527,0.4644182832321122,0.06258171676788782
2025-08-17 06:45:00,6,6,8,1,0.52,0.4644182832321122,0.05558171676788781
2025-08-17 07:00:00,7,6,8,1,0.498,0.3856683573591486,0.11233164264085138
2025-08-17 07:15:00,7,6,8,1,0.356,0.3856683573591486,0.029668357359148634
2025-08-17 07:30:00,7,6,8,1,0.28400000000000003,0.3856683573591486,0.10166835735914859
2025-08-17 07:45:00,7,6,8,1,0.264,0.3856683573591486,0.1216683573591486
2025-08-17 08:00:00,8,6,8,1,0.264,0.40846873943242834,0.14446873943242833
2025-08-17 08:15:00,8,6,8,1,0.264,0.40846873943242834,0.14446873943242833
2025-08-17 08:30:00,8,6,8,1,0.264,0.40846873943242834,0.14446873943242833
2025-08-17 08:45:00,8,6,8,1,0.336,0.40846873943242834,0.07246873943242832
2025-08-17 09:00:00,9,6,8,1,0.448,0.32849676653702453,0.11950323346297548
2025-08-17 09:15:00,9,6,8,1,0.39,0.32849676653702453,0.06150323346297548
2025-08-17 09:30:00,9,6,8,1,0.303,0.32849676653702453,0.02549676653702454
2025-08-17 09:45:00,9,6,8,1,0.264,0.32849676653702453,0.06449676653702452
2025-08-17 10:00:00,10,6,8,1,0.264,0.34404908319082617,0.08004908319082615
2025-08-17 10:15:00,10,6,8,1,0.264,0.34404908319082617,0.08004908319082615
2025-08-17 10:30:00,10,6,8,1,0.264,0.34404908319082617,0.08004908319082615
2025-08-17 10:45:00,10,6,8,1,0.264,0.34404908319082617,0.08004908319082615
2025-08-17 11:00:00,11,6,8,1,0.32,0.29017818943528134,0.029821810564718665
2025-08-17 11:15:00,11,6,8,1,0.264,0.29017818943528134,0.02617818943528133
2025-08-17 11:30:00,11,6,8,1,0.276,0.29017818943528134,0.014178189435281319
2025-08-17 11:45:00,11,6,8,1,0.264,0.29017818943528134,0.02617818943528133
2025-08-17 12:00:00,12,6,8,1,0.264,0.290043605129903,0.026043605129903002
2025-08-17 12:15:00,12,6,8,1,0.264,0.290043605129903,0.026043605129903002
2025-08-17 12:30:00,12,6,8,1,0.28600000000000003,0.290043605129903,0.004043605129902983
2025-08-17 12:45:00,12,6,8,1,0.264,0.290043605129903,0.026043605129903002
2025-08-17 13:00:00,13,6,8,1,0.264,0.29798919696106974,0.03398919696106972
2025-08-17 13:15:00,13,6,8,1,0.264,0.29798919696106974,0.03398919696106972
2025-08-17 13:30:00,13,6,8,1,0.354,0.29798919696106974,0.056010803038930246
2025-08-17 13:45:00,13,6,8,1,0.264,0.29798919696106974,0.03398919696106972
2025-08-17 14:00:00,14,6,8,1,0.264,0.32683168282953606,0.06283168282953605
2025-08-17 14:15:00,14,6,8,1,0.264,0.32683168282953606,0.06283168282953605
2025-08-17 14:30:00,14,6,8,1,0.264,0.32683168282953606,0.06283168282953605
2025-08-17 14:45:00,14,6,8,1,0.264,0.32683168282953606,0.06283168282953605
2025-08-17 15:00:00,15,6,8,1,0.264,0.3413265343993049,0.07732653439930487
2025-08-17 15:15:00,15,6,8,1,0.264,0.3413265343993049,0.07732653439930487
2025-08-17 15:30:00,15,6,8,1,0.264,0.3413265343993049,0.07732653439930487
2025-08-17 15:45:00,15,6,8,1,0.264,0.3413265343993049,0.07732653439930487
2025-08-17 16:00:00,16,6,8,1,0.264,0.3550176048759026,0.0910176048759026
2025-08-17 16:15:00,16,6,8,1,0.264,0.3550176048759026,0.0910176048759026
2025-08-17 16:30:00,16,6,8,1,0.339,0.3550176048759026,0.01601760487590259
2025-08-17 16:45:00,16,6,8,1,0.397,0.3550176048759026,0.041982395124097405
2025-08-17 17:00:00,17,6,8,1,0.609,0.37496189771219735,0.23403810228780264
2025-08-17 17:15:00,17,6,8,1,0.52,0.37496189771219735,0.14503810228780267
2025-08-17 17:30:00,17,6,8,1,0.391,0.37496189771219735,0.01603810228780267
2025-08-17 17:45:00,17,6,8,1,0.398,0.37496189771219735,0.023038102287802675
2025-08-17 18:00:00,18,6,8,1,0.41900000000000004,0.4526607575561155,0.03366075755611547
2025-08-17 18:15:00,18,6,8,1,0.524,0.4526607575561155,0.07133924244388451
2025-08-17 18:30:00,18,6,8,1,0.8140000000000001,0.4526607575561155,0.36133924244388455
2025-08-17 18:45:00,18,6,8,1,0.5940000000000001,0.4526607575561155,0.14133924244388457
2025-08-17 19:00:00,19,6,8,1,0.52,0.42254265786853523,0.09745734213146479
2025-08-17 19:15:00,19,6,8,1,0.608,0.42254265786853523,0.18545734213146475
2025-08-17 19:30:00,19,6,8,1,0.5660000000000001,0.42254265786853523,0.14345734213146483
2025-08-17 19:45:00,19,6,8,1,0.459,0.42254265786853523,0.03645734213146479
2025-08-17 20:00:00,20,6,8,1,0.453,0.4892677104454461,0.03626771044544608
2025-08-17 20:15:00,20,6,8,1,0.488,0.4892677104454461,0.001267710445446102
2025-08-17 20:30:00,20,6,8,1,0.512,0.4892677104454461,0.02273228955455392
2025-08-17 20:45:00,20,6,8,1,0.477,0.4892677104454461,0.012267710445446112
2025-08-17 21:00:00,21,6,8,1,0.465,0.44643087627070305,0.018569123729296977
2025-08-17 21:15:00,21,6,8,1,0.527,0.44643087627070305,0.08056912372929698
2025-08-17 21:30:00,21,6,8,1,0.644,0.44643087627070305,0.19756912372929697
2025-08-17 21:45:00,21,6,8,1,0.643,0.44643087627070305,0.19656912372929697
2025-08-17 22:00:00,22,6,8,1,1.058,0.5736111915386326,0.48438880846136745
2025-08-17 22:15:00,22,6,8,1,1.024,0.5736111915386326,0.4503888084613674
2025-08-17 22:30:00,22,6,8,1,0.871,0.5736111915386326,0.2973888084613674
2025-08-17 22:45:00,22,6,8,1,0.716,0.5736111915386326,0.14238880846136737
2025-08-17 23:00:00,23,6,8,1,0.753,0.6182965347853329,0.13470346521466714
2025-08-17 23:15:00,23,6,8,1,0.738,0.6182965347853329,0.11970346521466713
2025-08-17 23:30:00,23,6,8,1,0.777,0.6182965347853329,0.15870346521466716
2025-08-17 23:45:00,23,6,8,1,0.859,0.6182965347853329,0.24070346521466712
2025-08-18 00:00:00,0,0,8,0,0.6910000000000001,0.5528411823033856,0.13815881769661442
2025-08-18 00:15:00,0,0,8,0,0.692,0.5528411823033856,0.1391588176966143
2025-08-18 00:30:00,0,0,8,0,0.6910000000000001,0.5528411823033856,0.13815881769661442
2025-08-18 00:45:00,0,0,8,0,0.6890000000000001,0.5528411823033856,0.13615881769661442
2025-08-18 01:00:00,1,0,8,0,0.7010000000000001,0.5445685741456762,0.1564314258543239
2025-08-18 01:15:00,1,0,8,0,0.69,0.5445685741456762,0.14543142585432378
2025-08-18 01:30:00,1,0,8,0,0.681,0.5445685741456762,0.13643142585432388
2025-08-18 01:45:00,1,0,8,0,0.698,0.5445685741456762,0.1534314258543238
2025-08-18 02:00:00,2,0,8,0,0.6060000000000001,0.5610693613904599,0.04493063860954016
2025-08-18 02:15:00,2,0,8,0,0.39,0.5610693613904599,0.17106936139045992
2025-08-18 02:30:00,2,0,8,0,0.556,0.5610693613904599,0.005069361390459881
2025-08-18 02:45:00,2,0,8,0,0.635,0.5610693613904599,0.07393063860954008
2025-08-18 03:00:00,3,0,8,0,0.593,0.5559829716547194,0.037017028345280534
2025-08-18 03:15:00,3,0,8,0,0.608,0.5559829716547194,0.05201702834528055
2025-08-18 03:30:00,3,0,8,0,0.5820000000000001,0.5559829716547194,0.026017028345280635
2025-08-18 03:45:00,3,0,8,0,0.569,0.5559829716547194,0.013017028345280512
2025-08-18 04:00:00,4,0,8,0,0.599,0.5462466884018735,0.05275331159812646
2025-08-18 04:15:00,4,0,8,0,0.595,0.5462466884018735,0.04875331159812646
2025-08-18 04:30:00,4,0,8,0,0.5700000000000001,0.5462466884018735,0.023753311598126547
2025-08-18 04:45:00,4,0,8,0,0.527,0.5462466884018735,0.01924668840187349
2025-08-18 05:00:00,5,0,8,0,0.571,0.561027708664401,0.00997229133559896
2025-08-18 05:15:00,5,0,8,0,0.573,0.561027708664401,0.011972291335598961
2025-08-18 05:30:00,5,0,8,0,0.5740000000000001,0.561027708664401,0.012972291335599073
2025-08-18 05:45:00,5,0,8,0,0.597,0.561027708664401,0.03597229133559898
2025-08-18 06:00:00,6,0,8,0,0.583,0.47372322642197434,0.10927677357802562
2025-08-18 06:15:00,6,0,8,0,0.517,0.47372322642197434,0.043276773578025673
2025-08-18 06:30:00,6,0,8,0,0.5469999999999999,0.47372322642197434,0.07327677357802559
2025-08-18 06:45:00,6,0,8,0,0.517,0.47372322642197434,0.043276773578025673
2025-08-18 07:00:00,7,0,8,0,0.605,0.394346144664738,0.21065385533526199
2025-08-18 07:15:00,7,0,8,0,0.6040000000000001,0.394346144664738,0.2096538553352621
2025-08-18 07:30:00,7,0,8,0,0.744,0.394346144664738,0.349653855335262
2025-08-18 07:45:00,7,0,8,0,0.75,0.394346144664738,0.355653855335262
2025-08-18 08:00:00,8,0,8,0,0.641,0.3293465284329747,0.31165347156702533
2025-08-18 08:15:00,8,0,8,0,0.42700000000000005,0.3293465284329747,0.09765347156702536
2025-08-18 08:30:00,8,0,8,0,0.543,0.3293465284329747,0.21365347156702535
2025-08-18 08:45:00,8,0,8,0,0.527,0.3293465284329747,0.19765347156702534
2025-08-18 09:00:00,9,0,8,0,0.456,0.3476303477030985,0.10836965229690154
2025-08-18 09:15:00,9,0,8,0,0.364,0.3476303477030985,0.016369652296901516
2025-08-18 09:30:00,9,0,8,0,0.354,0.3476303477030985,0.006369652296901507
2025-08-18 09:45:00,9,0,8,0,0.542,0.3476303477030985,0.19436965229690156
2025-08-18 10:00:00,10,0,8,0,0.264,0.33659651927376555,0.07259651927376554
2025-08-18 10:15:00,10,0,8,0,0.264,0.33659651927376555,0.07259651927376554
2025-08-18 10:30:00,10,0,8,0,0.264,0.33659651927376555,0.07259651927376554
2025-08-18 10:45:00,10,0,8,0,0.264,0.33659651927376555,0.07259651927376554
2025-08-18 11:00:00,11,0,8,0,0.264,0.28749929247751277,0.023499292477512757
2025-08-18 11:15:00,11,0,8,0,0.264,0.28749929247751277,0.023499292477512757
2025-08-18 11:30:00,11,0,8,0,0.264,0.28749929247751277,0.023499292477512757
2025-08-18 11:45:00,11,0,8,0,0.264,0.28749929247751277,0.023499292477512757
2025-08-18 12:00:00,12,0,8,0,0.264,0.2873091042306536,0.023309104230653577
2025-08-18 12:15:00,12,0,8,0,0.264,0.2873091042306536,0.023309104230653577
2025-08-18 12:30:00,12,0,8,0,0.264,0.2873091042306536,0.023309104230653577
2025-08-18 12:45:00,12,0,8,0,0.264,0.2873091042306536,0.023309104230653577
2025-08-18 13:00:00,13,0,8,0,0.264,0.2916857273482884,0.02768572734828839
2025-08-18 13:15:00,13,0,8,0,0.264,0.2916857273482884,0.02768572734828839
2025-08-18 13:30:00,13,0,8,0,0.325,0.2916857273482884,0.03331427265171161
2025-08-18 13:45:00,13,0,8,0,0.29400000000000004,0.2916857273482884,0.002314272651711635
2025-08-18 14:00:00,14,0,8,0,0.399,0.3056553920760129,0.09334460792398713
2025-08-18 14:15:00,14,0,8,0,0.359,0.3056553920760129,0.0533446079239871
2025-08-18 14:30:00,14,0,8,0,0.34600000000000003,0.3056553920760129,0.04034460792398714
2025-08-18 14:45:00,14,0,8,0,0.264,0.3056553920760129,0.041655392076012876
2025-08-18 15:00:00,15,0,8,0,0.264,0.34351306092081546,0.07951306092081545
2025-08-18 15:15:00,15,0,8,0,0.264,0.34351306092081546,0.07951306092081545
2025-08-18 15:30:00,15,0,8,0,0.264,0.34351306092081546,0.07951306092081545
2025-08-18 15:45:00,15,0,8,0,0.29600000000000004,0.34351306092081546,0.04751306092081542
2025-08-18 16:00:00,16,0,8,0,0.264,0.34490472937016764,0.08090472937016763
2025-08-18 16:15:00,16,0,8,0,0.264,0.34490472937016764,0.08090472937016763
2025-08-18 16:30:00,16,0,8,0,0.264,0.34490472937016764,0.08090472937016763
2025-08-18 16:45:00,16,0,8,0,0.264,0.34490472937016764,0.08090472937016763
2025-08-18 17:00:00,17,0,8,0,0.264,0.2892865246102366,0.02528652461023656
2025-08-18 17:15:00,17,0,8,0,0.307,0.2892865246102366,0.017713475389763422
2025-08-18 17:30:00,17,0,8,0,0.334,0.2892865246102366,0.044713475389763446
2025-08-18 17:45:00,17,0,8,0,0.451,0.2892865246102366,0.16171347538976344
2025-08-18 18:00:00,18,0,8,0,0.382,0.4311623214928897,0.04916232149288968
2025-08-18 18:15:00,18,0,8,0,0.34700000000000003,0.4311623214928897,0.08416232149288966
2025-08-18 18:30:00,18,0,8,0,0.34700000000000003,0.4311623214928897,0.08416232149288966
2025-08-18 18:45:00,18,0,8,0,0.372,0.4311623214928897,0.05916232149288969
2025-08-18 19:00:00,19,0,8,0,0.357,0.4798526516512581,0.12285265165125814
2025-08-18 19:15:00,19,0,8,0,0.399,0.4798526516512581,0.0808526516512581
2025-08-18 19:30:00,19,0,8,0,0.593,0.4798526516512581,0.11314734834874185
2025-08-18 19:45:00,19,0,8,0,0.45,0.4798526516512581,0.02985265165125811
2025-08-18 20:00:00,20,0,8,0,0.42200000000000004,0.5210842261234073,0.09908422612340728
2025-08-18 20:15:00,20,0,8,0,0.42000000000000004,0.5210842261234073,0.10108422612340728
2025-08-18 20:30:00,20,0,8,0,0.474,0.5210842261234073,0.04708422612340735
2025-08-18 20:45:00,20,0,8,0,0.447,0.5210842261234073,0.07408422612340732
2025-08-18 21:00:00,21,0,8,0,0.575,0.5693449794751763,0.005655020524823695
2025-08-18 21:15:00,21,0,8,0,0.43100000000000005,0.5693449794751763,0.1383449794751762
2025-08-18 21:30:00,21,0,8,0,0.453,0.5693449794751763,0.11634497947517625
2025-08-18 21:45:00,21,0,8,0,0.43400000000000005,0.5693449794751763,0.1353449794751762
2025-08-18 22:00:00,22,0,8,0,0.5640000000000001,0.6020720955506547,0.038072095550654605
2025-08-18 22:15:00,22,0,8,0,0.667,0.6020720955506547,0.06492790444934537
2025-08-18 22:30:00,22,0,8,0,0.961,0.6020720955506547,0.3589279044493453
2025-08-18 22:45:00,22,0,8,0,1.026,0.6020720955506547,0.42392790444934536
2025-08-18 23:00:00,23,0,8,0,0.767,0.7387806553262231,0.028219344673776958
2025-08-18 23:15:00,23,0,8,0,0.768,0.7387806553262231,0.02921934467377696
2025-08-18 23:30:00,23,0,8,0,0.726,0.7387806553262231,0.012780655326223078
2025-08-18 23:45:00,23,0,8,0,0.806,0.7387806553262231,0.06721934467377699
2025-08-19 00:00:00,0,1,8,0,0.803,0.556369484643611,0.24663051535638902
2025-08-19 00:15:00,0,1,8,0,0.664,0.556369484643611,0.10763051535638901
2025-08-19 00:30:00,0,1,8,0,0.628,0.556369484643611,0.07163051535638898
2025-08-19 00:45:00,0,1,8,0,0.679,0.556369484643611,0.12263051535638902
2025-08-19 01:00:00,1,1,8,0,0.651,0.5365841499163979,0.11441585008360211
2025-08-19 01:15:00,1,1,8,0,0.636,0.5365841499163979,0.0994158500836021
2025-08-19 01:30:00,1,1,8,0,0.642,0.5365841499163979,0.1054158500836021
2025-08-19 01:45:00,1,1,8,0,0.792,0.5365841499163979,0.2554158500836021
2025-08-19 02:00:00,2,1,8,0,0.743,0.5453342921964559,0.1976657078035441
2025-08-19 02:15:00,2,1,8,0,0.756,0.5453342921964559,0.2106657078035441
2025-08-19 02:30:00,2,1,8,0,0.8230000000000001,0.5453342921964559,0.27766570780354416
2025-08-19 02:45:00,2,1,8,0,0.782,0.5453342921964559,0.23666570780354412
2025-08-19 03:00:00,3,1,8,0,0.698,0.554837246685281,0.14316275331471895
2025-08-19 03:15:00,3,1,8,0,0.633,0.554837246685281,0.078162753314719
2025-08-19 03:30:00,3,1,8,0,0.5780000000000001,0.554837246685281,0.023162753314719065
2025-08-19 03:45:00,3,1,8,0,0.5780000000000001,0.554837246685281,0.023162753314719065
2025-08-19 04:00:00,4,1,8,0,0.708,0.5512099532086712,0.1567900467913288
2025-08-19 04:15:00,4,1,8,0,0.6839999999999999,0.5512099532086712,0.13279004679132878
2025-08-19 04:30:00,4,1,8,0,0.683,0.5512099532086712,0.13179004679132889
2025-08-19 04:45:00,4,1,8,0,0.653,0.5512099532086712,0.10179004679132886
2025-08-19 05:00:00,5,1,8,0,0.623,0.5353002914478534,0.0876997085521466
2025-08-19 05:15:00,5,1,8,0,0.627,0.5353002914478534,0.0916997085521466
2025-08-19 05:30:00,5,1,8,0,0.6859999999999999,0.5353002914478534,0.15069970855214654
2025-08-19 05:45:00,5,1,8,0,0.7030000000000001,0.5353002914478534,0.16769970855214666
2025-08-19 06:00:00,6,1,8,0,0.619,0.5041679247722454,0.11483207522775463
2025-08-19 06:15:00,6,1,8,0,0.64,0.5041679247722454,0.13583207522775465
2025-08-19 06:30:00,6,1,8,0,0.556,0.5041679247722454,0.05183207522775468
2025-08-19 06:45:00,6,1,8,0,0.675,0.5041679247722454,0.17083207522775468
2025-08-19 07:00:00,7,1,8,0,0.571,0.38296592385832423,0.18803407614167572
2025-08-19 07:15:00,7,1,8,0,0.5529999999999999,0.38296592385832423,0.1700340761416757
2025-08-19 07:30:00,7,1,8,0,0.522,0.38296592385832423,0.1390340761416758
2025-08-19 07:45:00,7,1,8,0,0.579,0.38296592385832423,0.19603407614167573
2025-08-19 08:00:00,8,1,8,0,0.498,0.42464835881470187,0.07335164118529813
2025-08-19 08:15:00,8,1,8,0,0.41800000000000004,0.42464835881470187,0.006648358814701827
2025-08-19 08:30:00,8,1,8,0,0.264,0.42464835881470187,0.16064835881470185
2025-08-19 08:45:00,8,1,8,0,0.29700000000000004,0.42464835881470187,0.12764835881470182
2025-08-19 09:00:00,9,1,8,0,0.326,0.34796084508689545,0.021960845086895442
2025-08-19 09:15:00,9,1,8,0,0.375,0.34796084508689545,0.027039154913104546
2025-08-19 09:30:00,9,1,8,0,0.319,0.34796084508689545,0.028960845086895448
2025-08-19 09:45:00,9,1,8,0,0.28500000000000003,0.34796084508689545,0.06296084508689542
2025-08-19 10:00:00,10,1,8,0,0.309,0.33949954361316,0.030499543613159985
2025-08-19 10:15:00,10,1,8,0,0.29200000000000004,0.33949954361316,0.047499543613159945
2025-08-19 10:30:00,10,1,8,0,0.328,0.33949954361316,0.011499543613159968
2025-08-19 10:45:00,10,1,8,0,0.264,0.33949954361316,0.07549954361315997
2025-08-19 11:00:00,11,1,8,0,0.264,0.2867515702333036,0.022751570233303597
2025-08-19 11:15:00,11,1,8,0,0.3,0.2867515702333036,0.013248429766696379
2025-08-19 11:30:00,11,1,8,0,0.338,0.2867515702333036,0.05124842976669641
2025-08-19 11:45:00,11,1,8,0,0.312,0.2867515702333036,0.02524842976669639
2025-08-19 12:00:00,12,1,8,0,0.311,0.28665318754200003,0.024346812457999967
2025-08-19 12:15:00,12,1,8,0,0.337,0.28665318754200003,0.05034681245799999
2025-08-19 12:30:00,12,1,8,0,0.264,0.28665318754200003,0.02265318754200002
2025-08-19 12:45:00,12,1,8,0,0.31,0.28665318754200003,0.023346812457999966
2025-08-19 13:00:00,13,1,8,0,0.279,0.29182451167262147,0.012824511672621441
2025-08-19 13:15:00,13,1,8,0,0.264,0.29182451167262147,0.027824511672621455
2025-08-19 13:30:00,13,1,8,0,0.281,0.29182451167262147,0.01082451167262144
2025-08-19 13:45:00,13,1,8,0,0.264,0.29182451167262147,0.027824511672621455
2025-08-19 14:00:00,14,1,8,0,0.29500000000000004,0.3057941764003459,0.010794176400345856
2025-08-19 14:15:00,14,1,8,0,0.306,0.3057941764003459,0.00020582359965409802
2025-08-19 14:30:00,14,1,8,0,0.28300000000000003,0.3057941764003459,0.022794176400345867
2025-08-19 14:45:00,14,1,8,0,0.313,0.3057941764003459,0.007205823599654104
2025-08-19 15:00:00,15,1,8,0,0.264,0.3436518452451484,0.0796518452451484
2025-08-19 15:15:00,15,1,8,0,0.264,0.3436518452451484,0.0796518452451484
2025-08-19 15:30:00,15,1,8,0,0.275,0.3436518452451484,0.06865184524514839
2025-08-19 15:45:00,15,1,8,0,0.305,0.3436518452451484,0.03865184524514842
2025-08-19 16:00:00,16,1,8,0,0.3,0.34316224880522833,0.04316224880522834
2025-08-19 16:15:00,16,1,8,0,0.264,0.34316224880522833,0.07916224880522832
2025-08-19 16:30:00,16,1,8,0,0.264,0.34316224880522833,0.07916224880522832
2025-08-19 16:45:00,16,1,8,0,0.264,0.34316224880522833,0.07916224880522832
2025-08-19 17:00:00,17,1,8,0,0.264,0.34164837965856765,0.07764837965856763
2025-08-19 17:15:00,17,1,8,0,0.369,0.34164837965856765,0.027351620341432348
2025-08-19 17:30:00,17,1,8,0,0.456,0.34164837965856765,0.11435162034143237
2025-08-19 17:45:00,17,1,8,0,0.503,0.34164837965856765,0.16135162034143236
2025-08-19 18:00:00,18,1,8,0,0.447,0.3958516637128543,0.05114833628714571
2025-08-19 18:15:00,18,1,8,0,0.41200000000000003,0.3958516637128543,0.016148336287145737
2025-08-19 18:30:00,18,1,8,0,0.395,0.3958516637128543,0.0008516637128542781
2025-08-19 18:45:00,18,1,8,0,0.5980000000000001,0.3958516637128543,0.2021483362871458
2025-08-19 19:00:00,19,1,8,0,0.611,0.4630016222675344,0.1479983777324656
2025-08-19 19:15:00,19,1,8,0,0.55,0.4630016222675344,0.08699837773246566
2025-08-19 19:30:00,19,1,8,0,0.42200000000000004,0.4630016222675344,0.04100162226753434
2025-08-19 19:45:00,19,1,8,0,0.569,0.4630016222675344,0.10599837773246557
2025-08-19 20:00:00,20,1,8,0,0.465,0.4464223418180463,0.018577658181953727
2025-08-19 20:15:00,20,1,8,0,0.483,0.4464223418180463,0.03657765818195369
2025-08-19 20:30:00,20,1,8,0,0.41900000000000004,0.4464223418180463,0.02742234181804626
2025-08-19 20:45:00,20,1,8,0,0.42800000000000005,0.4464223418180463,0.01842234181804625
2025-08-19 21:00:00,21,1,8,0,0.454,0.4937621059085216,0.03976210590852158
2025-08-19 21:15:00,21,1,8,0,0.535,0.4937621059085216,0.04123789409147843
2025-08-19 21:30:00,21,1,8,0,0.64,0.4937621059085216,0.14623789409147842
2025-08-19 21:45:00,21,1,8,0,0.5880000000000001,0.4937621059085216,0.09423789409147848
2025-08-19 22:00:00,22,1,8,0,0.508,0.6122666644169253,0.10426666441692534
2025-08-19 22:15:00,22,1,8,0,0.513,0.6122666644169253,0.09926666441692533
2025-08-19 22:30:00,22,1,8,0,0.5840000000000001,0.6122666644169253,0.02826666441692527
2025-08-19 22:45:00,22,1,8,0,0.5760000000000001,0.6122666644169253,0.036266664416925276
2025-08-19 23:00:00,23,1,8,0,0.5780000000000001,0.7113387995082775,0.13333879950827743
2025-08-19 23:15:00,23,1,8,0,0.5880000000000001,0.7113387995082775,0.12333879950827742
2025-08-19 23:30:00,23,1,8,0,0.999,0.7113387995082775,0.2876612004917225
2025-08-19 23:45:00,23,1,8,0,0.983,0.7113387995082775,0.2716612004917225
2025-08-20 00:00:00,0,2,8,0,0.911,0.5449613266493539,0.3660386733506461
2025-08-20 00:15:00,0,2,8,0,0.865,0.5449613266493539,0.32003867335064606
2025-08-20 00:30:00,0,2,8,0,0.664,0.5449613266493539,0.11903867335064611
2025-08-20 00:45:00,0,2,8,0,0.658,0.5449613266493539,0.1130386733506461
2025-08-20 01:00:00,1,2,8,0,0.7030000000000001,0.5158506769398563,0.18714932306014376
2025-08-20 01:15:00,1,2,8,0,0.647,0.5158506769398563,0.1311493230601437
2025-08-20 01:30:00,1,2,8,0,0.708,0.5158506769398563,0.19214932306014365
2025-08-20 01:45:00,1,2,8,0,0.656,0.5158506769398563,0.14014932306014372
2025-08-20 02:00:00,2,2,8,0,0.681,0.5511298059747838,0.12987019402521627
2025-08-20 02:15:00,2,2,8,0,0.6839999999999999,0.5511298059747838,0.13287019402521616
2025-08-20 02:30:00,2,2,8,0,0.636,0.5511298059747838,0.08487019402521623
2025-08-20 02:45:00,2,2,8,0,0.72,0.5511298059747838,0.1688701940252162
2025-08-20 03:00:00,3,2,8,0,0.639,0.5448153760454448,0.09418462395455518
2025-08-20 03:15:00,3,2,8,0,0.658,0.5448153760454448,0.1131846239545552
2025-08-20 03:30:00,3,2,8,0,0.644,0.5448153760454448,0.09918462395455518
2025-08-20 03:45:00,3,2,8,0,0.6779999999999999,0.5448153760454448,0.1331846239545551
2025-08-20 04:00:00,4,2,8,0,0.67,0.5558752405144592,0.1141247594855408
2025-08-20 04:15:00,4,2,8,0,0.577,0.5558752405144592,0.02112475948554071
2025-08-20 04:30:00,4,2,8,0,0.589,0.5558752405144592,0.03312475948554072
2025-08-20 04:45:00,4,2,8,0,0.512,0.5558752405144592,0.043875240514459235
2025-08-20 05:00:00,5,2,8,0,0.546,0.5499735257936268,0.003973525793626753
2025-08-20 05:15:00,5,2,8,0,0.5569999999999999,0.5499735257936268,0.007026474206373146
2025-08-20 05:30:00,5,2,8,0,0.5640000000000001,0.5499735257936268,0.014026474206373263
2025-08-20 05:45:00,5,2,8,0,0.528,0.5499735257936268,0.02197352579362677
2025-08-20 06:00:00,6,2,8,0,0.542,0.4584000261026788,0.08359997389732121
2025-08-20 06:15:00,6,2,8,0,0.484,0.4584000261026788,0.02559997389732116
2025-08-20 06:30:00,6,2,8,0,0.507,0.4584000261026788,0.04859997389732118
2025-08-20 06:45:00,6,2,8,0,0.529,0.4584000261026788,0.0705999738973212
2025-08-20 07:00:00,7,2,8,0,0.683,0.4033432875097132,0.27965671249028684
2025-08-20 07:15:00,7,2,8,0,0.837,0.4033432875097132,0.43365671249028676
2025-08-20 07:30:00,7,2,8,0,0.847,0.4033432875097132,0.44365671249028676
2025-08-20 07:45:00,7,2,8,0,0.796,0.4033432875097132,0.39265671249028683
2025-08-20 08:00:00,8,2,8,0,0.612,0.47845705694309343,0.13354294305690656
2025-08-20 08:15:00,8,2,8,0,0.7270000000000001,0.47845705694309343,0.24854294305690666
2025-08-20 08:30:00,8,2,8,0,0.629,0.47845705694309343,0.15054294305690658
2025-08-20 08:45:00,8,2,8,0,0.5900000000000001,0.47845705694309343,0.11154294305690665
2025-08-20 09:00:00,9,2,8,0,0.36,0.3522747767251857,0.007725223274814286
2025-08-20 09:15:00,9,2,8,0,0.327,0.3522747767251857,0.025274776725185688
2025-08-20 09:30:00,9,2,8,0,0.303,0.3522747767251857,0.04927477672518571
2025-08-20 09:45:00,9,2,8,0,0.34500000000000003,0.3522747767251857,0.007274776725185672
2025-08-20 10:00:00,10,2,8,0,0.33,0.34475272231170656,0.014752722311706545
2025-08-20 10:15:00,10,2,8,0,0.264,0.34475272231170656,0.08075272231170655
2025-08-20 10:30:00,10,2,8,0,0.304,0.34475272231170656,0.04075272231170657
2025-08-20 10:45:00,10,2,8,0,0.264,0.34475272231170656,0.08075272231170655
2025-08-20 11:00:00,11,2,8,0,0.264,0.2839394595138886,0.01993945951388859
2025-08-20 11:15:00,11,2,8,0,0.264,0.2839394595138886,0.01993945951388859
2025-08-20 11:30:00,11,2,8,0,0.326,0.2839394595138886,0.04206054048611141
2025-08-20 11:45:00,11,2,8,0,0.309,0.2839394595138886,0.025060540486111393
2025-08-20 12:00:00,12,2,8,0,0.264,0.2838410768225849,0.019841076822584902
2025-08-20 12:15:00,12,2,8,0,0.264,0.2838410768225849,0.019841076822584902
2025-08-20 12:30:00,12,2,8,0,0.264,0.2838410768225849,0.019841076822584902
2025-08-20 12:45:00,12,2,8,0,0.264,0.2838410768225849,0.019841076822584902
2025-08-20 13:00:00,13,2,8,0,0.264,0.2889305357049795,0.024930535704979495
2025-08-20 13:15:00,13,2,8,0,0.264,0.2889305357049795,0.024930535704979495
2025-08-20 13:30:00,13,2,8,0,0.264,0.2889305357049795,0.024930535704979495
2025-08-20 13:45:00,13,2,8,0,0.264,0.2889305357049795,0.024930535704979495
2025-08-20 14:00:00,14,2,8,0,0.28500000000000003,0.302900200432704,0.01790020043270396
2025-08-20 14:15:00,14,2,8,0,0.308,0.302900200432704,0.005099799567296004
2025-08-20 14:30:00,14,2,8,0,0.264,0.302900200432704,0.03890020043270398
2025-08-20 14:45:00,14,2,8,0,0.264,0.302900200432704,0.03890020043270398
2025-08-20 15:00:00,15,2,8,0,0.264,0.3410773964567542,0.07707739645675421
2025-08-20 15:15:00,15,2,8,0,0.264,0.3410773964567542,0.07707739645675421
2025-08-20 15:30:00,15,2,8,0,0.264,0.3410773964567542,0.07707739645675421
2025-08-20 15:45:00,15,2,8,0,0.327,0.3410773964567542,0.01407739645675421
2025-08-20 16:00:00,16,2,8,0,0.5569999999999999,0.33989950166132615,0.2171004983386738
2025-08-20 16:15:00,16,2,8,0,0.314,0.33989950166132615,0.025899501661326152
2025-08-20 16:30:00,16,2,8,0,0.404,0.33989950166132615,0.06410049833867387
2025-08-20 16:45:00,16,2,8,0,0.29800000000000004,0.33989950166132615,0.04189950166132611
2025-08-20 17:00:00,17,2,8,0,0.319,0.3491475345326119,0.030147534532611875
2025-08-20 17:15:00,17,2,8,0,0.359,0.3491475345326119,0.009852465467388105
2025-08-20 17:30:00,17,2,8,0,0.46799999999999997,0.3491475345326119,0.11885246546738809
2025-08-20 17:45:00,17,2,8,0,0.396,0.3491475345326119,0.04685246546738814
2025-08-20 18:00:00,18,2,8,0,0.391,0.42374051771918786,0.032740517719187845
2025-08-20 18:15:00,18,2,8,0,0.405,0.42374051771918786,0.018740517719187832
2025-08-20 18:30:00,18,2,8,0,0.535,0.42374051771918786,0.11125948228081217
2025-08-20 18:45:00,18,2,8,0,0.436,0.42374051771918786,0.01225948228081214
2025-08-20 19:00:00,19,2,8,0,0.403,0.47853573555261014,0.07553573555261012
2025-08-20 19:15:00,19,2,8,0,0.39,0.47853573555261014,0.08853573555261013
2025-08-20 19:30:00,19,2,8,0,0.393,0.47853573555261014,0.08553573555261013
2025-08-20 19:45:00,19,2,8,0,0.49,0.47853573555261014,0.01146426444738985
2025-08-20 20:00:00,20,2,8,0,0.619,0.500316510155852,0.118683489844148
2025-08-20 20:15:00,20,2,8,0,0.45,0.500316510155852,0.05031651015585198
2025-08-20 20:30:00,20,2,8,0,0.42900000000000005,0.500316510155852,0.07131651015585194
2025-08-20 20:45:00,20,2,8,0,0.591,0.500316510155852,0.09068348984414798
2025-08-20 21:00:00,21,2,8,0,0.482,0.4657989509596992,0.016201049040300786
2025-08-20 21:15:00,21,2,8,0,0.484,0.4657989509596992,0.018201049040300787
2025-08-20 21:30:00,21,2,8,0,0.505,0.4657989509596992,0.039201049040300806
2025-08-20 21:45:00,21,2,8,0,0.486,0.4657989509596992,0.02020104904030079
2025-08-20 22:00:00,22,2,8,0,0.498,0.6596605068494726,0.16166050684947264
2025-08-20 22:15:00,22,2,8,0,0.463,0.6596605068494726,0.19666050684947262
2025-08-20 22:30:00,22,2,8,0,0.493,0.6596605068494726,0.16666050684947264
2025-08-20 22:45:00,22,2,8,0,0.73,0.6596605068494726,0.07033949315052734
2025-08-20 23:00:00,23,2,8,0,0.919,0.7295447798744324,0.1894552201255676
2025-08-20 23:15:00,23,2,8,0,1.0350000000000001,0.7295447798744324,0.3054552201255677
2025-08-20 23:30:00,23,2,8,0,0.922,0.7295447798744324,0.1924552201255676
2025-08-20 23:45:00,23,2,8,0,0.8170000000000001,0.7295447798744324,0.08745522012556761
2025-08-21 00:00:00,0,3,8,0,0.728,0.5316454865263276,0.1963545134736724
2025-08-21 00:15:00,0,3,8,0,0.644,0.5316454865263276,0.11235451347367242
2025-08-21 00:30:00,0,3,8,0,0.7110000000000001,0.5316454865263276,0.17935451347367248
2025-08-21 00:45:00,0,3,8,0,0.6930000000000001,0.5316454865263276,0.16135451347367247
2025-08-21 01:00:00,1,3,8,0,0.732,0.5128612644282576,0.21913873557174235
2025-08-21 01:15:00,1,3,8,0,0.7050000000000001,0.5128612644282576,0.19213873557174244
2025-08-21 01:30:00,1,3,8,0,0.6759999999999999,0.5128612644282576,0.1631387355717423
2025-08-21 01:45:00,1,3,8,0,0.7150000000000001,0.5128612644282576,0.20213873557174244
2025-08-21 02:00:00,2,3,8,0,0.673,0.5457920331832298,0.12720796681677027
2025-08-21 02:15:00,2,3,8,0,0.7310000000000001,0.5457920331832298,0.18520796681677032
2025-08-21 02:30:00,2,3,8,0,0.659,0.5457920331832298,0.11320796681677026
2025-08-21 02:45:00,2,3,8,0,0.7230000000000001,0.5457920331832298,0.1772079668167703
2025-08-21 03:00:00,3,3,8,0,0.6000000000000001,0.5484795661446893,0.0515204338553108
2025-08-21 03:15:00,3,3,8,0,0.698,0.5484795661446893,0.14952043385531066
2025-08-21 03:30:00,3,3,8,0,0.64,0.5484795661446893,0.09152043385531072
2025-08-21 03:45:00,3,3,8,0,0.666,0.5484795661446893,0.11752043385531075
2025-08-21 04:00:00,4,3,8,0,0.6779999999999999,0.5530604708639202,0.12493952913607975
2025-08-21 04:15:00,4,3,8,0,0.6819999999999999,0.5530604708639202,0.12893952913607976
2025-08-21 04:30:00,4,3,8,0,0.581,0.5530604708639202,0.027939529136079777
2025-08-21 04:45:00,4,3,8,0,0.6859999999999999,0.5530604708639202,0.13293952913607976
2025-08-21 05:00:00,5,3,8,0,0.625,0.5458545645625196,0.07914543543748043
2025-08-21 05:15:00,5,3,8,0,0.573,0.5458545645625196,0.02714543543748038
2025-08-21 05:30:00,5,3,8,0,0.536,0.5458545645625196,0.009854564562519541
2025-08-21 05:45:00,5,3,8,0,0.536,0.5458545645625196,0.009854564562519541
2025-08-21 06:00:00,6,3,8,0,0.493,0.45771642398301765,0.03528357601698234
2025-08-21 06:15:00,6,3,8,0,0.513,0.45771642398301765,0.05528357601698236
2025-08-21 06:30:00,6,3,8,0,0.5609999999999999,0.45771642398301765,0.10328357601698229
2025-08-21 06:45:00,6,3,8,0,0.629,0.45771642398301765,0.17128357601698235
2025-08-21 07:00:00,7,3,8,0,0.539,0.35926464719500034,0.1797353528049997
2025-08-21 07:15:00,7,3,8,0,0.541,0.35926464719500034,0.1817353528049997
2025-08-21 07:30:00,7,3,8,0,0.51,0.35926464719500034,0.15073535280499967
2025-08-21 07:45:00,7,3,8,0,0.471,0.35926464719500034,0.11173535280499963
2025-08-21 08:00:00,8,3,8,0,0.39,0.44321314155761776,0.05321314155761775
2025-08-21 08:15:00,8,3,8,0,0.643,0.44321314155761776,0.19978685844238225
2025-08-21 08:30:00,8,3,8,0,0.666,0.44321314155761776,0.22278685844238227
2025-08-21 08:45:00,8,3,8,0,0.43100000000000005,0.44321314155761776,0.012213141557617713
2025-08-21 09:00:00,9,3,8,0,0.34500000000000003,0.3461758315003504,0.0011758315003503883
2025-08-21 09:15:00,9,3,8,0,0.372,0.3461758315003504,0.02582416849964958
2025-08-21 09:30:00,9,3,8,0,0.34600000000000003,0.3461758315003504,0.00017583150035038742
2025-08-21 09:45:00,9,3,8,0,0.5549999999999999,0.3461758315003504,0.20882416849964952
2025-08-21 10:00:00,10,3,8,0,0.41600000000000004,0.3390461437994116,0.07695385620058842
2025-08-21 10:15:00,10,3,8,0,0.33,0.3390461437994116,0.009046143799411599
2025-08-21 10:30:00,10,3,8,0,0.29500000000000004,0.3390461437994116,0.044046143799411575
2025-08-21 10:45:00,10,3,8,0,0.308,0.3390461437994116,0.03104614379941162
2025-08-21 11:00:00,11,3,8,0,0.32,0.29675686355249475,0.023243136447505253
2025-08-21 11:15:00,11,3,8,0,0.3,0.29675686355249475,0.003243136447505235
2025-08-21 11:30:00,11,3,8,0,0.28400000000000003,0.29675686355249475,0.012756863552494724
2025-08-21 11:45:00,11,3,8,0,0.314,0.29675686355249475,0.017243136447505247
2025-08-21 12:00:00,12,3,8,0,0.264,0.2964001524229159,0.032400152422915884
2025-08-21 12:15:00,12,3,8,0,0.264,0.2964001524229159,0.032400152422915884
2025-08-21 12:30:00,12,3,8,0,0.264,0.2964001524229159,0.032400152422915884
2025-08-21 12:45:00,12,3,8,0,0.29900000000000004,0.2964001524229159,0.0025998475770841467
2025-08-21 13:00:00,13,3,8,0,0.327,0.3018189109764553,0.02518108902354471
2025-08-21 13:15:00,13,3,8,0,0.264,0.3018189109764553,0.03781891097645529
2025-08-21 13:30:00,13,3,8,0,0.31,0.3018189109764553,0.008181089023544696
2025-08-21 13:45:00,13,3,8,0,0.264,0.3018189109764553,0.03781891097645529
2025-08-21 14:00:00,14,3,8,0,0.264,0.3182401297534563,0.05424012975345627
2025-08-21 14:15:00,14,3,8,0,0.264,0.3182401297534563,0.05424012975345627
2025-08-21 14:30:00,14,3,8,0,0.264,0.3182401297534563,0.05424012975345627
2025-08-21 14:45:00,14,3,8,0,0.264,0.3182401297534563,0.05424012975345627
2025-08-21 15:00:00,15,3,8,0,0.28200000000000003,0.35298209307219247,0.07098209307219244
2025-08-21 15:15:00,15,3,8,0,0.329,0.35298209307219247,0.023982093072192456
2025-08-21 15:30:00,15,3,8,0,0.29100000000000004,0.35298209307219247,0.061982093072192435
2025-08-21 15:45:00,15,3,8,0,0.264,0.35298209307219247,0.08898209307219246
2025-08-21 16:00:00,16,3,8,0,0.375,0.34753580351922186,0.027464196480778136
2025-08-21 16:15:00,16,3,8,0,0.406,0.34753580351922186,0.05846419648077816
2025-08-21 16:30:00,16,3,8,0,0.384,0.34753580351922186,0.036464196480778144
2025-08-21 16:45:00,16,3,8,0,0.351,0.34753580351922186,0.0034641964807781145
2025-08-21 17:00:00,17,3,8,0,0.264,0.3417235884881389,0.07772358848813887
2025-08-21 17:15:00,17,3,8,0,0.356,0.3417235884881389,0.014276411511861098
2025-08-21 17:30:00,17,3,8,0,0.491,0.3417235884881389,0.1492764115118611
2025-08-21 17:45:00,17,3,8,0,0.369,0.3417235884881389,0.02727641151186111
2025-08-21 18:00:00,18,3,8,0,0.384,0.4083603946076901,0.024360394607690072
2025-08-21 18:15:00,18,3,8,0,0.399,0.4083603946076901,0.009360394607690059
2025-08-21 18:30:00,18,3,8,0,0.465,0.4083603946076901,0.056639605392309944
2025-08-21 18:45:00,18,3,8,0,0.499,0.4083603946076901,0.09063960539230992
2025-08-21 19:00:00,19,3,8,0,0.442,0.4303175617926958,0.011682438207304191
2025-08-21 19:15:00,19,3,8,0,0.402,0.4303175617926958,0.02831756179269579
2025-08-21 19:30:00,19,3,8,0,0.41300000000000003,0.4303175617926958,0.01731756179269578
2025-08-21 19:45:00,19,3,8,0,0.524,0.4303175617926958,0.09368243820730421
2025-08-21 20:00:00,20,3,8,0,0.663,0.5142852963418372,0.14871470365816286
2025-08-21 20:15:00,20,3,8,0,0.5960000000000001,0.5142852963418372,0.08171470365816291
2025-08-21 20:30:00,20,3,8,0,0.599,0.5142852963418372,0.0847147036581628
2025-08-21 20:45:00,20,3,8,0,0.563,0.5142852963418372,0.04871470365816277
2025-08-21 21:00:00,21,3,8,0,0.28200000000000003,0.524570524397001,0.242570524397001
2025-08-21 21:15:00,21,3,8,0,0.775,0.524570524397001,0.250429475602999
2025-08-21 21:30:00,21,3,8,0,0.675,0.524570524397001,0.15042947560299902
2025-08-21 21:45:00,21,3,8,0,0.7050000000000001,0.524570524397001,0.18042947560299905
2025-08-21 22:00:00,22,3,8,0,0.9460000000000001,0.6261598383925735,0.31984016160742657
2025-08-21 22:15:00,22,3,8,0,1.081,0.6261598383925735,0.45484016160742646
2025-08-21 22:30:00,22,3,8,0,0.915,0.6261598383925735,0.28884016160742654
2025-08-21 22:45:00,22,3,8,0,0.874,0.6261598383925735,0.2478401616074265
2025-08-21 23:00:00,23,3,8,0,1.099,0.6583088715247388,0.44069112847526115
2025-08-21 23:15:00,23,3,8,0,1.002,0.6583088715247388,0.3436911284752612
2025-08-21 23:30:00,23,3,8,0,0.765,0.6583088715247388,0.10669112847526119
2025-08-21 23:45:00,23,3,8,0,0.698,0.6583088715247388,0.03969112847526113
2025-08-22 00:00:00,0,4,8,0,0.636,0.5244744754942912,0.11152552450570885
2025-08-22 00:15:00,0,4,8,0,0.688,0.5244744754942912,0.16352552450570879
2025-08-22 00:30:00,0,4,8,0,0.645,0.5244744754942912,0.12052552450570886
2025-08-22 00:45:00,0,4,8,0,0.6759999999999999,0.5244744754942912,0.15152552450570878
2025-08-22 01:00:00,1,4,8,0,0.67,0.5088970264550265,0.1611029735449735
2025-08-22 01:15:00,1,4,8,0,0.7,0.5088970264550265,0.1911029735449734
2025-08-22 01:30:00,1,4,8,0,0.666,0.5088970264550265,0.1571029735449735
2025-08-22 01:45:00,1,4,8,0,0.645,0.5088970264550265,0.13610297354497347
2025-08-22 02:00:00,2,4,8,0,0.65,0.5340748835978838,0.11592511640211622
2025-08-22 02:15:00,2,4,8,0,0.662,0.5340748835978838,0.12792511640211623
2025-08-22 02:30:00,2,4,8,0,0.66,0.5340748835978838,0.12592511640211623
2025-08-22 02:45:00,2,4,8,0,0.62,0.5340748835978838,0.0859251164021162
2025-08-22 03:00:00,3,4,8,0,0.651,0.5360866746031745,0.11491332539682553
2025-08-22 03:15:00,3,4,8,0,0.63,0.5360866746031745,0.09391332539682551
2025-08-22 03:30:00,3,4,8,0,0.591,0.5360866746031745,0.054913325396825474
2025-08-22 03:45:00,3,4,8,0,0.56,0.5360866746031745,0.023913325396825558
2025-08-22 04:00:00,4,4,8,0,0.5740000000000001,0.5394053893557423,0.03459461064425773
2025-08-22 04:15:00,4,4,8,0,0.537,0.5394053893557423,0.0024053893557423045
2025-08-22 04:30:00,4,4,8,0,0.492,0.5394053893557423,0.047405389355742344
2025-08-22 04:45:00,4,4,8,0,0.517,0.5394053893557423,0.022405389355742322
2025-08-22 05:00:00,5,4,8,0,0.494,0.5325328974266476,0.03853289742664756
2025-08-22 05:15:00,5,4,8,0,0.529,0.5325328974266476,0.00353289742664753
2025-08-22 05:30:00,5,4,8,0,0.504,0.5325328974266476,0.028532897426647552
2025-08-22 05:45:00,5,4,8,0,0.462,0.5325328974266476,0.07053289742664753
2025-08-22 06:00:00,6,4,8,0,0.485,0.44348375132275125,0.041516248677248735
2025-08-22 06:15:00,6,4,8,0,0.51,0.44348375132275125,0.06651624867724876
2025-08-22 06:30:00,6,4,8,0,0.504,0.44348375132275125,0.06051624867724875
2025-08-22 06:45:00,6,4,8,0,0.502,0.44348375132275125,0.05851624867724875
2025-08-22 07:00:00,7,4,8,0,0.451,0.33923425661375667,0.11176574338624334
2025-08-22 07:15:00,7,4,8,0,0.558,0.33923425661375667,0.21876574338624338
2025-08-22 07:30:00,7,4,8,0,0.64,0.33923425661375667,0.30076574338624334
2025-08-22 07:45:00,7,4,8,0,0.871,0.33923425661375667,0.5317657433862433
2025-08-22 08:00:00,8,4,8,0,0.74,0.43486113456893927,0.3051388654310607
2025-08-22 08:15:00,8,4,8,0,0.491,0.43486113456893927,0.056138865431060725
2025-08-22 08:30:00,8,4,8,0,0.542,0.43486113456893927,0.10713886543106077
2025-08-22 08:45:00,8,4,8,0,0.536,0.43486113456893927,0.10113886543106076
2025-08-22 09:00:00,9,4,8,0,0.401,0.31457658544933853,0.08642341455066149
2025-08-22 09:15:00,9,4,8,0,0.43400000000000005,0.31457658544933853,0.11942341455066152
2025-08-22 09:30:00,9,4,8,0,0.42100000000000004,0.31457658544933853,0.10642341455066151
2025-08-22 09:45:00,9,4,8,0,0.327,0.31457658544933853,0.012423414550661482
2025-08-22 10:00:00,10,4,8,0,0.4,0.3090567168555974,0.09094328314440264
2025-08-22 10:15:00,10,4,8,0,0.342,0.3090567168555974,0.032943283144402646
2025-08-22 10:30:00,10,4,8,0,0.38,0.3090567168555974,0.07094328314440262
2025-08-22 10:45:00,10,4,8,0,0.399,0.3090567168555974,0.08994328314440264
2025-08-22 11:00:00,11,4,8,0,0.438,0.29791019024516163,0.14008980975483837
2025-08-22 11:15:00,11,4,8,0,0.264,0.29791019024516163,0.03391019024516162
2025-08-22 11:30:00,11,4,8,0,0.304,0.29791019024516163,0.00608980975483836
2025-08-22 11:45:00,11,4,8,0,0.264,0.29791019024516163,0.03391019024516162
2025-08-22 12:00:00,12,4,8,0,0.264,0.29755347911558283,0.03355347911558282
2025-08-22 12:15:00,12,4,8,0,0.264,0.29755347911558283,0.03355347911558282
2025-08-22 12:30:00,12,4,8,0,0.264,0.29755347911558283,0.03355347911558282
2025-08-22 12:45:00,12,4,8,0,0.264,0.29755347911558283,0.03355347911558282
2025-08-22 13:00:00,13,4,8,0,0.264,0.3029722376691222,0.03897223766912217
2025-08-22 13:15:00,13,4,8,0,0.264,0.3029722376691222,0.03897223766912217
2025-08-22 13:30:00,13,4,8,0,0.264,0.3029722376691222,0.03897223766912217
2025-08-22 13:45:00,13,4,8,0,0.264,0.3029722376691222,0.03897223766912217
2025-08-22 14:00:00,14,4,8,0,0.29400000000000004,0.3193934564461231,0.025393456446123064
2025-08-22 14:15:00,14,4,8,0,0.264,0.3193934564461231,0.05539345644612309
2025-08-22 14:30:00,14,4,8,0,0.264,0.3193934564461231,0.05539345644612309
2025-08-22 14:45:00,14,4,8,0,0.264,0.3193934564461231,0.05539345644612309
2025-08-22 15:00:00,15,4,8,0,0.264,0.35457096706696417,0.09057096706696416
2025-08-22 15:15:00,15,4,8,0,0.264,0.35457096706696417,0.09057096706696416
2025-08-22 15:30:00,15,4,8,0,0.264,0.35457096706696417,0.09057096706696416
2025-08-22 15:45:00,15,4,8,0,0.264,0.35457096706696417,0.09057096706696416
2025-08-22 16:00:00,16,4,8,0,0.264,0.3566374494158219,0.09263744941582192
2025-08-22 16:15:00,16,4,8,0,0.264,0.3566374494158219,0.09263744941582192
2025-08-22 16:30:00,16,4,8,0,0.264,0.3566374494158219,0.09263744941582192
2025-08-22 16:45:00,16,4,8,0,0.306,0.3566374494158219,0.050637449415821933
2025-08-22 17:00:00,17,4,8,0,0.35,0.335934793982969,0.014065206017030984
2025-08-22 17:15:00,17,4,8,0,0.368,0.335934793982969,0.032065206017031
2025-08-22 17:30:00,17,4,8,0,0.361,0.335934793982969,0.025065206017030994
2025-08-22 17:45:00,17,4,8,0,0.396,0.335934793982969,0.060065206017031025
2025-08-22 18:00:00,18,4,8,0,0.368,0.41946381905495855,0.05146381905495856
2025-08-22 18:15:00,18,4,8,0,0.377,0.41946381905495855,0.04246381905495855
2025-08-22 18:30:00,18,4,8,0,0.452,0.41946381905495855,0.03253618094504146
2025-08-22 18:45:00,18,4,8,0,0.516,0.41946381905495855,0.09653618094504146
2025-08-22 19:00:00,19,4,8,0,0.659,0.4731909313057461,0.18580906869425395
2025-08-22 19:15:00,19,4,8,0,0.595,0.4731909313057461,0.1218090686942539
2025-08-22 19:30:00,19,4,8,0,0.513,0.4731909313057461,0.039809068694253935
2025-08-22 19:45:00,19,4,8,0,0.475,0.4731909313057461,0.0018090686942539014
2025-08-22 20:00:00,20,4,8,0,0.532,0.4818698974486502,0.05013010255134981
2025-08-22 20:15:00,20,4,8,0,0.625,0.4818698974486502,0.14313010255134978
2025-08-22 20:30:00,20,4,8,0,0.72,0.4818698974486502,0.23813010255134975
2025-08-22 20:45:00,20,4,8,0,0.6060000000000001,0.4818698974486502,0.12413010255134987
2025-08-22 21:00:00,21,4,8,0,0.488,0.5393933873791069,0.051393387379106925
2025-08-22 21:15:00,21,4,8,0,0.453,0.5393933873791069,0.0863933873791069
2025-08-22 21:30:00,21,4,8,0,0.446,0.5393933873791069,0.0933933873791069
2025-08-22 21:45:00,21,4,8,0,0.5920000000000001,0.5393933873791069,0.05260661262089317
2025-08-22 22:00:00,22,4,8,0,0.786,0.6909434013285863,0.0950565986714137
2025-08-22 22:15:00,22,4,8,0,0.5860000000000001,0.6909434013285863,0.10494340132858626
2025-08-22 22:30:00,22,4,8,0,0.535,0.6909434013285863,0.1559434013285863
2025-08-22 22:45:00,22,4,8,0,0.907,0.6909434013285863,0.2160565986714137
2025-08-22 23:00:00,23,4,8,0,0.872,0.7157982686297161,0.15620173137028392
2025-08-22 23:15:00,23,4,8,0,0.783,0.7157982686297161,0.06720173137028396
2025-08-22 23:30:00,23,4,8,0,0.756,0.7157982686297161,0.04020173137028393
2025-08-22 23:45:00,23,4,8,0,0.624,0.7157982686297161,0.09179826862971607
2025-08-23 00:00:00,0,5,8,1,0.653,0.5325624085630742,0.12043759143692578
2025-08-23 00:15:00,0,5,8,1,0.6759999999999999,0.5325624085630742,0.1434375914369257
2025-08-23 00:30:00,0,5,8,1,0.655,0.5325624085630742,0.12243759143692579
2025-08-23 00:45:00,0,5,8,1,0.679,0.5325624085630742,0.1464375914369258
2025-08-23 01:00:00,1,5,8,1,0.535,0.5149542066082066,0.020045793391793465
2025-08-23 01:15:00,1,5,8,1,0.5640000000000001,0.5149542066082066,0.04904579339179349
2025-08-23 01:30:00,1,5,8,1,0.526,0.5149542066082066,0.011045793391793457
2025-08-23 01:45:00,1,5,8,1,0.552,0.5149542066082066,0.03704579339179348
2025-08-23 02:00:00,2,5,8,1,0.528,0.5414063106800608,0.013406310680060818
2025-08-23 02:15:00,2,5,8,1,0.679,0.5414063106800608,0.1375936893199392
2025-08-23 02:30:00,2,5,8,1,0.654,0.5414063106800608,0.11259368931993918
2025-08-23 02:45:00,2,5,8,1,0.659,0.5414063106800608,0.11759368931993919
2025-08-23 03:00:00,3,5,8,1,0.635,0.5475947602219375,0.08740523977806247
2025-08-23 03:15:00,3,5,8,1,0.641,0.5475947602219375,0.09340523977806248
2025-08-23 03:30:00,3,5,8,1,0.649,0.5475947602219375,0.10140523977806248
2025-08-23 03:45:00,3,5,8,1,0.641,0.5475947602219375,0.09340523977806248
2025-08-23 04:00:00,4,5,8,1,0.646,0.5480241877039772,0.09797581229602281
2025-08-23 04:15:00,4,5,8,1,0.573,0.5480241877039772,0.024975812296022748
2025-08-23 04:30:00,4,5,8,1,0.539,0.5480241877039772,0.009024187703977171
2025-08-23 04:45:00,4,5,8,1,0.537,0.5480241877039772,0.011024187703977173
2025-08-23 05:00:00,5,5,8,1,0.518,0.49363268156227774,0.024367318437722274
2025-08-23 05:15:00,5,5,8,1,0.537,0.49363268156227774,0.04336731843772229
2025-08-23 05:30:00,5,5,8,1,0.537,0.49363268156227774,0.04336731843772229
2025-08-23 05:45:00,5,5,8,1,0.521,0.49363268156227774,0.027367318437722277
2025-08-23 06:00:00,6,5,8,1,0.747,0.4598310046411831,0.2871689953588169
2025-08-23 06:15:00,6,5,8,1,0.5469999999999999,0.4598310046411831,0.08716899535881684
2025-08-23 06:30:00,6,5,8,1,0.5589999999999999,0.4598310046411831,0.09916899535881685
2025-08-23 06:45:00,6,5,8,1,0.552,0.4598310046411831,0.09216899535881695
2025-08-23 07:00:00,7,5,8,1,0.505,0.3577034606932606,0.14729653930673942
2025-08-23 07:15:00,7,5,8,1,0.562,0.3577034606932606,0.20429653930673947
2025-08-23 07:30:00,7,5,8,1,0.522,0.3577034606932606,0.16429653930673943
2025-08-23 07:45:00,7,5,8,1,0.599,0.3577034606932606,0.2412965393067394
2025-08-23 08:00:00,8,5,8,1,0.6970000000000001,0.4374885160410001,0.259511483959
2025-08-23 08:15:00,8,5,8,1,0.61,0.4374885160410001,0.1725114839589999
2025-08-23 08:30:00,8,5,8,1,0.41700000000000004,0.4374885160410001,0.02048851604100005
2025-08-23 08:45:00,8,5,8,1,0.374,0.4374885160410001,0.06348851604100009
2025-08-23 09:00:00,9,5,8,1,0.397,0.3221077900333273,0.07489220996667273
2025-08-23 09:15:00,9,5,8,1,0.373,0.3221077900333273,0.05089220996667271
2025-08-23 09:30:00,9,5,8,1,0.334,0.3221077900333273,0.011892209966672729
2025-08-23 09:45:00,9,5,8,1,0.403,0.3221077900333273,0.08089220996667273
2025-08-23 10:00:00,10,5,8,1,0.4,0.3164922792741052,0.0835077207258948
2025-08-23 10:15:00,10,5,8,1,0.355,0.3164922792741052,0.038507720725894756
2025-08-23 10:30:00,10,5,8,1,0.313,0.3164922792741052,0.0034922792741052255
2025-08-23 10:45:00,10,5,8,1,0.281,0.3164922792741052,0.0354922792741052
2025-08-23 11:00:00,11,5,8,1,0.28200000000000003,0.28638615676179424,0.004386156761794213
2025-08-23 11:15:00,11,5,8,1,0.28700000000000003,0.28638615676179424,0.0006138432382057912
2025-08-23 11:30:00,11,5,8,1,0.264,0.28638615676179424,0.02238615676179423
2025-08-23 11:45:00,11,5,8,1,0.341,0.28638615676179424,0.054613843238205784
2025-08-23 12:00:00,12,5,8,1,0.28700000000000003,0.28618103010424323,0.0008189698957568048
2025-08-23 12:15:00,12,5,8,1,0.264,0.28618103010424323,0.022181030104243216
2025-08-23 12:30:00,12,5,8,1,0.264,0.28618103010424323,0.022181030104243216
2025-08-23 12:45:00,12,5,8,1,0.264,0.28618103010424323,0.022181030104243216
2025-08-23 13:00:00,13,5,8,1,0.264,0.2920302760898038,0.028030276089803796
2025-08-23 13:15:00,13,5,8,1,0.333,0.2920302760898038,0.04096972391019621
2025-08-23 13:30:00,13,5,8,1,0.264,0.2920302760898038,0.028030276089803796
2025-08-23 13:45:00,13,5,8,1,0.28700000000000003,0.2920302760898038,0.005030276089803776
2025-08-23 14:00:00,14,5,8,1,0.28800000000000003,0.3101108323841114,0.02211083238411138
2025-08-23 14:15:00,14,5,8,1,0.308,0.3101108323841114,0.0021108323841114163
2025-08-23 14:30:00,14,5,8,1,0.363,0.3101108323841114,0.05288916761588858
2025-08-23 14:45:00,14,5,8,1,0.264,0.3101108323841114,0.0461108323841114
2025-08-23 15:00:00,15,5,8,1,0.28500000000000003,0.3333442516536975,0.04834425165369749
2025-08-23 15:15:00,15,5,8,1,0.311,0.3333442516536975,0.022344251653697522
2025-08-23 15:30:00,15,5,8,1,0.264,0.3333442516536975,0.06934425165369751
2025-08-23 15:45:00,15,5,8,1,0.264,0.3333442516536975,0.06934425165369751
2025-08-23 16:00:00,16,5,8,1,0.376,0.32140813795544376,0.05459186204455624
2025-08-23 16:15:00,16,5,8,1,0.406,0.32140813795544376,0.08459186204455627
2025-08-23 16:30:00,16,5,8,1,0.439,0.32140813795544376,0.11759186204455624
2025-08-23 16:45:00,16,5,8,1,0.28400000000000003,0.32140813795544376,0.03740813795544373
2025-08-23 17:00:00,17,5,8,1,0.28600000000000003,0.3308209524398137,0.044820952439813655
2025-08-23 17:15:00,17,5,8,1,0.375,0.3308209524398137,0.04417904756018631
2025-08-23 17:30:00,17,5,8,1,0.43100000000000005,0.3308209524398137,0.10017904756018636
2025-08-23 17:45:00,17,5,8,1,0.42300000000000004,0.3308209524398137,0.09217904756018636
2025-08-23 18:00:00,18,5,8,1,0.41700000000000004,0.37295528659056104,0.044044713409438996
2025-08-23 18:15:00,18,5,8,1,0.41700000000000004,0.37295528659056104,0.044044713409438996
2025-08-23 18:30:00,18,5,8,1,0.5960000000000001,0.37295528659056104,0.22304471340943904
2025-08-23 18:45:00,18,5,8,1,0.395,0.37295528659056104,0.022044713409438976
2025-08-23 19:00:00,19,5,8,1,0.41700000000000004,0.396190106656986,0.02080989334301403
2025-08-23 19:15:00,19,5,8,1,0.41200000000000003,0.396190106656986,0.015809893343014025
2025-08-23 19:30:00,19,5,8,1,0.444,0.396190106656986,0.047809893343014
2025-08-23 19:45:00,19,5,8,1,0.597,0.396190106656986,0.20080989334301397
2025-08-23 20:00:00,20,5,8,1,0.518,0.45733205889101713,0.06066794110898288
2025-08-23 20:15:00,20,5,8,1,0.494,0.45733205889101713,0.03666794110898286
2025-08-23 20:30:00,20,5,8,1,0.464,0.45733205889101713,0.006667941108982889
2025-08-23 20:45:00,20,5,8,1,0.444,0.45733205889101713,0.013332058891017129
2025-08-23 21:00:00,21,5,8,1,0.459,0.5851080672316525,0.12610806723165252
2025-08-23 21:15:00,21,5,8,1,0.352,0.5851080672316525,0.23310806723165256
2025-08-23 21:30:00,21,5,8,1,0.491,0.5851080672316525,0.09410806723165255
2025-08-23 21:45:00,21,5,8,1,0.336,0.5851080672316525,0.24910806723165252
2025-08-23 22:00:00,22,5,8,1,0.522,0.6045391936570356,0.08253919365703555
2025-08-23 22:15:00,22,5,8,1,0.5740000000000001,0.6045391936570356,0.0305391936570355
2025-08-23 22:30:00,22,5,8,1,0.486,0.6045391936570356,0.11853919365703558
2025-08-23 22:45:00,22,5,8,1,0.483,0.6045391936570356,0.12153919365703558
2025-08-23 23:00:00,23,5,8,1,0.639,0.6676901292859437,0.028690129285943722
2025-08-23 23:15:00,23,5,8,1,0.637,0.6676901292859437,0.030690129285943724
2025-08-23 23:30:00,23,5,8,1,0.613,0.6676901292859437,0.054690129285943745
2025-08-23 23:45:00,23,5,8,1,0.915,0.6676901292859437,0.2473098707140563
2025-08-24 00:00:00,0,6,8,1,0.798,0.5216662871270169,0.27633371287298314
2025-08-24 00:15:00,0,6,8,1,0.788,0.5216662871270169,0.26633371287298313
2025-08-24 00:30:00,0,6,8,1,0.79,0.5216662871270169,0.26833371287298313
2025-08-24 00:45:00,0,6,8,1,0.677,0.5216662871270169,0.15533371287298314
2025-08-24 01:00:00,1,6,8,1,0.7010000000000001,0.5359687902843918,0.16503120971560825
2025-08-24 01:15:00,1,6,8,1,0.671,0.5359687902843918,0.13503120971560822
2025-08-24 01:30:00,1,6,8,1,0.692,0.5359687902843918,0.15603120971560813
2025-08-24 01:45:00,1,6,8,1,0.6819999999999999,0.5359687902843918,0.14603120971560812
2025-08-24 02:00:00,2,6,8,1,0.679,0.5468896876349988,0.13211031236500126
2025-08-24 02:15:00,2,6,8,1,0.671,0.5468896876349988,0.12411031236500125
2025-08-24 02:30:00,2,6,8,1,0.65,0.5468896876349988,0.10311031236500123
2025-08-24 02:45:00,2,6,8,1,0.367,0.5468896876349988,0.1798896876349988
2025-08-24 03:00:00,3,6,8,1,0.671,0.5500239356399531,0.12097606436004693
2025-08-24 03:15:00,3,6,8,1,0.698,0.5500239356399531,0.14797606436004684
2025-08-24 03:30:00,3,6,8,1,0.646,0.5500239356399531,0.09597606436004691
2025-08-24 03:45:00,3,6,8,1,0.648,0.5500239356399531,0.09797606436004691
2025-08-24 04:00:00,4,6,8,1,0.548,0.5393915072396033,0.008608492760396769
2025-08-24 04:15:00,4,6,8,1,0.612,0.5393915072396033,0.07260849276039671
2025-08-24 04:30:00,4,6,8,1,0.563,0.5393915072396033,0.02360849276039667
2025-08-24 04:45:00,4,6,8,1,0.501,0.5393915072396033,0.03839150723960327
2025-08-24 05:00:00,5,6,8,1,0.498,0.547459265102815,0.04945926510281495
2025-08-24 05:15:00,5,6,8,1,0.479,0.547459265102815,0.06845926510281497
2025-08-24 05:30:00,5,6,8,1,0.475,0.547459265102815,0.07245926510281497
2025-08-24 05:45:00,5,6,8,1,0.476,0.547459265102815,0.07145926510281497
2025-08-24 06:00:00,6,6,8,1,0.477,0.4644182832321122,0.012581716767887774
2025-08-24 06:15:00,6,6,8,1,0.43500000000000005,0.4644182832321122,0.029418283232112152
2025-08-24 06:30:00,6,6,8,1,0.42500000000000004,0.4644182832321122,0.03941828323211216
2025-08-24 06:45:00,6,6,8,1,0.41200000000000003,0.4644182832321122,0.05241828323211217
2025-08-24 07:00:00,7,6,8,1,0.41100000000000003,0.3856683573591486,0.025331642640851415
2025-08-24 07:15:00,7,6,8,1,0.38,0.3856683573591486,0.0056683573591486125
2025-08-24 07:30:00,7,6,8,1,0.34400000000000003,0.3856683573591486,0.04166835735914859
2025-08-24 07:45:00,7,6,8,1,0.499,0.3856683573591486,0.11333164264085138
2025-08-24 08:00:00,8,6,8,1,0.34,0.40846873943242834,0.06846873943242832
2025-08-24 08:15:00,8,6,8,1,0.264,0.40846873943242834,0.14446873943242833
2025-08-24 08:30:00,8,6,8,1,0.632,0.40846873943242834,0.22353126056757167
2025-08-24 08:45:00,8,6,8,1,0.56,0.40846873943242834,0.1515312605675717
2025-08-24 09:00:00,9,6,8,1,0.523,0.32849676653702453,0.1945032334629755
2025-08-24 09:15:00,9,6,8,1,0.41000000000000003,0.32849676653702453,0.0815032334629755
2025-08-24 09:30:00,9,6,8,1,0.306,0.32849676653702453,0.022496766537024537
2025-08-24 09:45:00,9,6,8,1,0.276,0.32849676653702453,0.05249676653702451
2025-08-24 10:00:00,10,6,8,1,0.264,0.34404908319082617,0.08004908319082615
2025-08-24 10:15:00,10,6,8,1,0.28200000000000003,0.34404908319082617,0.06204908319082614
2025-08-24 10:30:00,10,6,8,1,0.28600000000000003,0.34404908319082617,0.058049083190826134
2025-08-24 10:45:00,10,6,8,1,0.28200000000000003,0.34404908319082617,0.06204908319082614
2025-08-24 11:00:00,11,6,8,1,0.371,0.29017818943528134,0.08082181056471865
2025-08-24 11:15:00,11,6,8,1,0.309,0.29017818943528134,0.018821810564718655
2025-08-24 11:30:00,11,6,8,1,0.29400000000000004,0.29017818943528134,0.0038218105647186973
2025-08-24 11:45:00,11,6,8,1,0.264,0.29017818943528134,0.02617818943528133
2025-08-24 12:00:00,12,6,8,1,0.264,0.290043605129903,0.026043605129903002
2025-08-24 12:15:00,12,6,8,1,0.264,0.290043605129903,0.026043605129903002
2025-08-24 12:30:00,12,6,8,1,0.264,0.290043605129903,0.026043605129903002
2025-08-24 12:45:00,12,6,8,1,0.264,0.290043605129903,0.026043605129903002
2025-08-24 13:00:00,13,6,8,1,0.264,0.29798919696106974,0.03398919696106972
2025-08-24 13:15:00,13,6,8,1,0.264,0.29798919696106974,0.03398919696106972
2025-08-24 13:30:00,13,6,8,1,0.264,0.29798919696106974,0.03398919696106972
2025-08-24 13:45:00,13,6,8,1,0.264,0.29798919696106974,0.03398919696106972
2025-08-24 14:00:00,14,6,8,1,0.264,0.32683168282953606,0.06283168282953605
2025-08-24 14:15:00,14,6,8,1,0.264,0.32683168282953606,0.06283168282953605
2025-08-24 14:30:00,14,6,8,1,0.264,0.32683168282953606,0.06283168282953605
2025-08-24 14:45:00,14,6,8,1,0.302,0.32683168282953606,0.024831682829536073
2025-08-24 15:00:00,15,6,8,1,0.31,0.3413265343993049,0.031326534399304884
2025-08-24 15:15:00,15,6,8,1,0.366,0.3413265343993049,0.02467346560069511
2025-08-24 15:30:00,15,6,8,1,0.463,0.3413265343993049,0.12167346560069514
2025-08-24 15:45:00,15,6,8,1,0.313,0.3413265343993049,0.02832653439930488
2025-08-24 16:00:00,16,6,8,1,0.393,0.3550176048759026,0.0379823951240974
2025-08-24 16:15:00,16,6,8,1,0.452,0.3550176048759026,0.0969823951240974
2025-08-24 16:30:00,16,6,8,1,0.331,0.3550176048759026,0.0240176048759026
2025-08-24 16:45:00,16,6,8,1,0.4,0.3550176048759026,0.04498239512409741
2025-08-24 17:00:00,17,6,8,1,0.41700000000000004,0.37496189771219735,0.04203810228780269
2025-08-24 17:15:00,17,6,8,1,0.436,0.37496189771219735,0.061038102287802654
2025-08-24 17:30:00,17,6,8,1,0.41600000000000004,0.37496189771219735,0.04103810228780269
2025-08-24 17:45:00,17,6,8,1,0.383,0.37496189771219735,0.008038102287802662
2025-08-24 18:00:00,18,6,8,1,0.384,0.4526607575561155,0.0686607575561155
2025-08-24 18:15:00,18,6,8,1,0.552,0.4526607575561155,0.09933924244388453
2025-08-24 18:30:00,18,6,8,1,0.698,0.4526607575561155,0.24533924244388444
2025-08-24 18:45:00,18,6,8,1,0.724,0.4526607575561155,0.27133924244388447
2025-08-24 19:00:00,19,6,8,1,0.726,0.42254265786853523,0.30345734213146475
2025-08-24 19:15:00,19,6,8,1,0.511,0.42254265786853523,0.08845734213146478
2025-08-24 19:30:00,19,6,8,1,0.5549999999999999,0.42254265786853523,0.1324573421314647
2025-08-24 19:45:00,19,6,8,1,0.452,0.42254265786853523,0.02945734213146478
2025-08-24 20:00:00,20,6,8,1,0.42400000000000004,0.4892677104454461,0.06526771044544605
2025-08-24 20:15:00,20,6,8,1,0.536,0.4892677104454461,0.04673228955455394
2025-08-24 20:30:00,20,6,8,1,0.486,0.4892677104454461,0.0032677104454461037
2025-08-24 20:45:00,20,6,8,1,0.43500000000000005,0.4892677104454461,0.05426771044544604
2025-08-24 21:00:00,21,6,8,1,0.595,0.44643087627070305,0.14856912372929693
2025-08-24 21:15:00,21,6,8,1,0.519,0.44643087627070305,0.07256912372929697
2025-08-24 21:30:00,21,6,8,1,0.457,0.44643087627070305,0.01056912372929697
2025-08-24 21:45:00,21,6,8,1,0.455,0.44643087627070305,0.008569123729296968
2025-08-24 22:00:00,22,6,8,1,0.534,0.5736111915386326,0.03961119153863257
2025-08-24 22:15:00,22,6,8,1,0.651,0.5736111915386326,0.07738880846136742
2025-08-24 22:30:00,22,6,8,1,0.609,0.5736111915386326,0.03538880846136738
2025-08-24 22:45:00,22,6,8,1,0.534,0.5736111915386326,0.03961119153863257
2025-08-24 23:00:00,23,6,8,1,0.5,0.6182965347853329,0.11829653478533286
2025-08-24 23:15:00,23,6,8,1,0.5489999999999999,0.6182965347853329,0.06929653478533293
2025-08-24 23:30:00,23,6,8,1,0.5920000000000001,0.6182965347853329,0.02629653478533278
2025-08-24 23:45:00,23,6,8,1,0.583,0.6182965347853329,0.0352965347853329
2025-08-25 00:00:00,0,0,8,0,0.769,0.5528411823033856,0.21615881769661438
